,open,high,low,close,volume
2025-06-30 09:30:00,114.4731,114.6527,113.086,113.086,18509
2025-06-30 09:35:00,113.7496,114.4032,113.2832,114.0739,11239
2025-06-30 09:40:00,114.1936,114.6527,113.9641,114.5629,11093
2025-06-30 09:45:00,114.4865,114.6527,113.8743,113.8943,12971
2025-06-30 09:50:00,113.7196,114.2236,113.7196,114.1437,11412
2025-06-30 09:55:00,114.0489,114.2834,114.0489,114.1238,5573
2025-06-30 10:00:00,114.1936,114.1936,113.7346,113.9641,9495
2025-06-30 10:05:00,114.0839,114.4182,113.9691,114.3159,8226
2025-06-30 10:10:00,114.3234,114.3333,114.0439,114.2834,9649
2025-06-30 10:15:00,114.3134,114.3533,114.0839,114.2086,4641
2025-06-30 10:20:00,114.2036,114.2136,114.014,114.1637,17599
2025-06-30 10:25:00,114.2336,114.3433,114.1936,114.281,6244
2025-06-30 10:30:00,114.2685,114.2685,113.8013,113.9432,18428
2025-06-30 10:35:00,113.6747,113.7046,113.0161,113.3753,8504
2025-06-30 10:40:00,113.142,113.2905,113.142,113.2755,2274
2025-06-30 10:45:00,113.4252,113.4851,113.3653,113.4452,4829
2025-06-30 10:50:00,113.3853,113.5849,113.2656,113.5749,2606
2025-06-30 10:55:00,113.5749,113.7446,113.5749,113.6547,2645
2025-06-30 11:00:00,113.8344,113.8344,113.5949,113.7446,6281
2025-06-30 11:05:00,113.8244,113.9342,113.8044,113.8543,6890
2025-06-30 11:10:00,113.8743,113.8743,113.6947,113.7046,6045
2025-06-30 11:15:00,113.7945,113.7945,113.6947,113.7745,3164
2025-06-30 11:20:00,113.7745,113.7745,113.4501,113.6348,6141
2025-06-30 11:25:00,113.4951,113.6847,113.4951,113.6198,4240
2025-06-30 11:30:00,113.6023,113.6298,113.555,113.6298,2052
2025-06-30 11:35:00,113.6298,114.1437,113.6213,114.1338,10934
2025-06-30 11:40:00,114.014,114.0739,113.9686,114.0739,5282
2025-06-30 11:45:00,114.0589,114.0839,113.8843,113.9042,28798
2025-06-30 11:50:00,113.8643,113.9526,113.7845,113.8643,8084
2025-06-30 11:55:00,113.8543,113.9641,113.7545,113.7545,7138
2025-06-30 12:00:00,113.7645,113.7845,113.6547,113.7545,9096
2025-06-30 12:05:00,113.7446,113.7745,113.7446,113.7545,1958
2025-06-30 12:10:00,113.7346,113.7745,113.6248,113.7745,2320
2025-06-30 12:15:00,113.7645,113.954,113.7545,113.7545,6389
2025-06-30 12:20:00,113.7945,113.8444,113.7845,113.7845,1157
2025-06-30 12:25:00,113.7797,113.8943,113.7246,113.7945,3596
2025-06-30 12:30:00,113.7246,113.7645,113.6506,113.6506,12613
2025-06-30 12:35:00,113.6348,113.6398,113.535,113.535,4132
2025-06-30 12:40:00,113.6148,113.7346,113.6148,113.6897,3700
2025-06-30 12:45:00,113.7121,113.8444,113.7046,113.8444,1916
2025-06-30 12:50:00,113.8372,113.9342,113.8044,113.9142,3251
2025-06-30 12:55:00,113.9042,113.9841,113.8643,113.9092,3630
2025-06-30 13:00:00,113.9142,114.0938,113.8544,114.0938,8125
2025-06-30 13:05:00,113.9741,114.1737,113.9741,114.1238,5911
2025-06-30 13:10:00,114.2625,114.2635,114.2625,114.2635,1343
2025-06-30 13:15:00,114.3184,114.488,114.2136,114.2659,12098
2025-06-30 13:20:00,114.2435,114.3633,114.2236,114.3633,3794
2025-06-30 13:25:00,114.3034,114.5629,114.2435,114.4731,5501
2025-06-30 13:30:00,114.4232,114.4731,114.2834,114.4731,4437
2025-06-30 13:35:00,114.5267,114.5267,114.3533,114.4232,3090
2025-06-30 13:40:00,114.4402,114.6627,114.4402,114.6627,5491
2025-06-30 13:45:00,114.6427,114.7325,114.5329,114.5329,4458
2025-06-30 13:50:00,114.5329,114.5329,114.2934,114.2934,5296
2025-06-30 13:55:00,114.2834,114.3633,113.7845,114.019,13205
2025-06-30 14:00:00,114.034,114.2934,114.034,114.2934,14475
2025-06-30 14:05:00,114.2336,114.4032,114.2336,114.4032,4524
2025-06-30 14:10:00,114.3134,114.483,114.3134,114.4731,5467
2025-06-30 14:15:00,114.4431,114.4431,114.2036,114.2685,8527
2025-06-30 14:20:00,114.2685,114.3716,114.2685,114.3716,3503
2025-06-30 14:25:00,114.3333,114.3932,114.2635,114.3433,6739
2025-06-30 14:30:00,114.4119,114.4119,114.2834,114.2834,4475
2025-06-30 14:35:00,114.2736,114.3733,114.2736,114.3733,5984
2025-06-30 14:40:00,114.3333,114.3533,114.2635,114.3533,5996
2025-06-30 14:45:00,114.3832,114.3932,114.2635,114.2735,6136
2025-06-30 14:50:00,114.2635,114.3034,114.2336,114.2735,6448
2025-06-30 14:55:00,114.2735,114.2834,114.227,114.2635,5790
2025-06-30 15:00:00,114.2635,114.3034,114.1837,114.2136,9586
2025-06-30 15:05:00,114.3134,114.3733,114.2036,114.2336,9567
2025-06-30 15:10:00,114.2036,114.2934,114.1737,114.1737,5159
2025-06-30 15:15:00,114.1338,114.1437,114.0439,114.0439,5022
2025-06-30 15:20:00,114.0439,114.1387,114.0439,114.1038,8541
2025-06-30 15:25:00,114.1338,114.1537,114.004,114.014,13528
2025-06-30 15:30:00,114.034,114.1637,113.9292,114.0539,28694
2025-06-30 15:35:00,114.0789,114.1238,113.9441,114.0739,20669
2025-06-30 15:40:00,114.0938,114.1837,114.0639,114.0938,16356
2025-06-30 15:45:00,114.1038,114.2435,114.034,114.1188,20383
2025-06-30 15:50:00,114.1437,114.2535,114.0839,114.1537,24790
2025-06-30 15:55:00,114.1737,114.2036,113.8643,113.9441,85214
2025-07-01 09:30:00,113.2955,114.2635,113.2855,113.555,18848
2025-07-01 09:35:00,113.8893,114.7325,113.5649,114.7325,11606
2025-07-01 09:40:00,114.3383,114.4581,114.1338,114.1837,7438
2025-07-01 09:45:00,114.3433,115.0718,114.3284,114.8024,8781
2025-07-01 09:50:00,114.9471,115.1966,114.7724,115.1716,24250
2025-07-01 09:55:00,115.1217,115.2914,114.9221,115.0169,11732
2025-07-01 10:00:00,115.1517,115.6806,115.0169,115.451,19623
2025-07-01 10:05:00,115.5059,115.8003,115.407,115.481,18444
2025-07-01 10:10:00,115.6207,116.2294,115.6207,115.94,32455
2025-07-01 10:15:00,115.955,116.5587,115.955,116.5587,23547
2025-07-01 10:20:00,116.5388,117.4269,116.4989,116.9679,24596
2025-07-01 10:25:00,117.0477,117.5068,117.0377,117.4968,24376
2025-07-01 10:30:00,117.4768,117.9757,117.3606,117.6016,31397
2025-07-01 10:35:00,117.7263,118.0556,117.4269,117.7762,23756
2025-07-01 10:40:00,117.7101,118.1455,117.6365,117.9608,28873
2025-07-01 10:45:00,117.896,118.3351,117.8361,118.2752,18141
2025-07-01 10:50:00,118.2353,118.5446,117.861,118.0057,38574
2025-07-01 10:55:00,118.1255,118.6843,118.0756,118.355,45068
2025-07-01 11:00:00,118.2253,118.5147,118.0856,118.37,16452
2025-07-01 11:05:00,118.4548,119.1234,118.4548,119.0286,35024
2025-07-01 11:10:00,118.9638,118.9638,118.5845,118.7642,24105
2025-07-01 11:15:00,118.6885,119.1534,118.4448,118.8739,74988
2025-07-01 11:20:00,118.8839,119.5525,118.864,119.1534,48765
2025-07-01 11:25:00,119.1683,119.7521,119.1434,119.323,34652
2025-07-01 11:30:00,119.4827,119.5925,119.2132,119.4827,22815
2025-07-01 11:35:00,119.3629,120.0216,119.2731,119.9218,27644
2025-07-01 11:40:00,119.802,120.0216,119.6374,119.7621,24052
2025-07-01 11:45:00,119.7821,120.3309,119.7022,120.2311,13737
2025-07-01 11:50:00,120.2112,120.4158,120.0016,120.1812,25524
2025-07-01 11:55:00,120.1014,120.6303,120.0837,120.281,13891
2025-07-01 12:00:00,120.3609,120.5405,120.2611,120.3559,11358
2025-07-01 12:05:00,120.3758,121.0095,120.3609,120.8998,18583
2025-07-01 12:10:00,120.9596,121.2291,120.8099,120.9097,18762
2025-07-01 12:15:00,121.1393,121.3388,120.9696,121.0794,9684
2025-07-01 12:20:00,121.0794,121.0894,120.7501,120.9646,17494
2025-07-01 12:25:00,120.9428,120.9796,120.5555,120.8149,17571
2025-07-01 12:30:00,120.8149,120.8898,120.0216,120.1214,49393
2025-07-01 12:35:00,120.0914,120.3509,119.9916,120.286,50910
2025-07-01 12:40:00,120.1912,120.2711,119.6024,119.7521,117870
2025-07-01 12:45:00,119.7372,119.7372,119.2132,119.5525,41178
2025-07-01 12:50:00,119.5525,119.5525,119.0037,119.0636,39506
2025-07-01 12:55:00,119.0436,119.3629,118.6444,118.7342,48109
2025-07-01 13:00:00,118.7542,119.0236,118.5197,118.5845,38568
2025-07-01 13:05:00,118.5845,118.9139,118.4548,118.5596,41293
2025-07-01 13:10:00,118.5546,118.9438,118.5546,118.9238,19751
2025-07-01 13:15:00,119.0137,119.1983,118.864,118.9338,21202
2025-07-01 13:20:00,119.0436,119.3272,118.9937,119.1833,15105
2025-07-01 13:25:00,119.2432,119.313,119.0436,119.0835,7934
2025-07-01 13:30:00,119.0037,119.1633,118.839,119.0735,22057
2025-07-01 13:35:00,119.0037,119.1843,118.8839,118.9338,13344
2025-07-01 13:40:00,118.9588,119.1035,118.8839,118.9937,17860
2025-07-01 13:45:00,119.0536,119.0536,118.6644,118.6644,20575
2025-07-01 13:50:00,118.784,118.9837,118.6594,118.9189,17307
2025-07-01 13:55:00,118.9164,119.0037,118.824,118.824,12521
2025-07-01 14:00:00,118.9438,119.2132,118.7193,118.7193,23863
2025-07-01 14:05:00,118.6444,118.9538,118.6444,118.8465,9521
2025-07-01 14:10:00,118.8041,118.834,118.5047,118.7392,19213
2025-07-01 14:15:00,118.7642,119.1133,118.7642,119.0137,16818
2025-07-01 14:20:00,118.8739,118.9538,118.7941,118.7941,7081
2025-07-01 14:25:00,118.839,119.353,118.829,119.313,18993
2025-07-01 14:30:00,119.2831,119.2831,119.0137,119.1933,19331
2025-07-01 14:35:00,119.1833,119.1933,119.0735,119.1933,18571
2025-07-01 14:40:00,119.1384,119.1434,119.0236,119.0785,19317
2025-07-01 14:45:00,119.1234,119.2033,119.1134,119.1234,12739
2025-07-01 14:50:00,119.1733,119.353,119.1134,119.3031,21188
2025-07-01 14:55:00,119.318,119.5226,119.2532,119.2532,29707
2025-07-01 15:00:00,119.2232,119.2432,118.834,119.0536,22513
2025-07-01 15:05:00,119.1334,119.1334,118.6644,118.6644,14951
2025-07-01 15:10:00,118.6843,118.7791,118.5247,118.7292,21264
2025-07-01 15:15:00,118.7386,118.9139,118.7386,118.9094,15407
2025-07-01 15:20:00,118.864,119.1334,118.7143,118.9837,40690
2025-07-01 15:25:00,118.9787,118.9787,118.7941,118.8839,19440
2025-07-01 15:30:00,118.8739,118.8739,118.1976,118.3949,34866
2025-07-01 15:35:00,118.4448,118.5945,118.3051,118.4049,33377
2025-07-01 15:40:00,118.4049,118.6334,118.375,118.4648,32457
2025-07-01 15:45:00,118.4498,118.5147,117.7962,117.886,50171
2025-07-01 15:50:00,117.876,118.0057,117.8111,117.871,60606
2025-07-01 15:55:00,117.891,118.0057,117.6764,117.7862,221339
2025-07-02 09:30:00,118.4548,119.5818,118.4448,119.313,76486
2025-07-02 09:35:00,119.313,119.3729,117.7363,118.4649,61401
2025-07-02 09:40:00,118.844,119.2431,118.6344,118.864,25876
2025-07-02 09:45:00,118.8789,119.1983,118.6843,119.1983,19792
2025-07-02 09:50:00,118.9787,119.1234,118.375,118.4448,16883
2025-07-02 09:55:00,118.4548,118.4548,118.2452,118.2452,23382
2025-07-02 10:00:00,118.4748,118.4848,117.7064,118.0457,40944
2025-07-02 10:05:00,117.9858,118.4748,117.6565,118.2253,14463
2025-07-02 10:10:00,117.9059,118.1055,117.6154,117.9558,11577
2025-07-02 10:15:00,117.9958,117.9958,117.4569,117.896,17769
2025-07-02 10:20:00,117.9558,118.2053,117.7463,118.1427,7797
2025-07-02 10:25:00,118.0556,118.54,117.9594,118.4698,13775
2025-07-02 10:30:00,118.5746,118.7587,118.345,118.7217,21406
2025-07-02 10:35:00,118.5147,119.2631,118.4748,119.2132,17201
2025-07-02 10:40:00,119.1933,119.313,118.8939,118.9987,27614
2025-07-02 10:45:00,118.9538,118.9987,118.1005,118.5596,22426
2025-07-02 10:50:00,118.6443,119.0137,118.5546,118.9238,16946
2025-07-02 10:55:00,118.9139,118.9388,118.7642,118.8141,10320
2025-07-02 11:00:00,118.9438,119.1334,118.7742,119.0236,17939
2025-07-02 11:05:00,119.1134,119.2731,119.0722,119.2132,17772
2025-07-02 11:10:00,119.1958,119.6324,119.0436,119.6324,15136
2025-07-02 11:15:00,119.5426,119.8918,119.5426,119.8719,27022
2025-07-02 11:20:00,119.9018,120.2212,119.7621,120.0014,20066
2025-07-02 11:25:00,119.832,120.2012,119.832,120.0715,17282
2025-07-02 11:30:00,120.0315,120.1321,119.8819,119.9118,19327
2025-07-02 11:35:00,119.9517,120.0715,119.9018,120.0066,13432
2025-07-02 11:40:00,119.9218,120.0814,119.812,120.0016,13049
2025-07-02 11:45:00,120.0016,120.0415,119.8519,120.0415,10286
2025-07-02 11:50:00,119.9667,119.9916,119.8419,119.9617,11345
2025-07-02 11:55:00,119.8519,120.0615,119.802,120.0415,8642
2025-07-02 12:00:00,120.0066,120.0066,119.5925,119.5925,17507
2025-07-02 12:05:00,119.5575,119.6723,119.4627,119.6104,44589
2025-07-02 12:10:00,119.5925,119.832,119.5825,119.6997,17755
2025-07-02 12:15:00,119.6124,119.797,119.5326,119.6324,23092
2025-07-02 12:20:00,119.7421,119.812,119.6324,119.6324,9666
2025-07-02 12:25:00,119.6972,119.7222,119.2132,119.2687,31462
2025-07-02 12:30:00,119.313,119.4028,119.2532,119.2532,14171
2025-07-02 12:35:00,119.3729,119.6232,119.2532,119.4927,19111
2025-07-02 12:40:00,119.5126,119.7471,119.5126,119.6324,12133
2025-07-02 12:45:00,119.6972,119.7322,119.5326,119.5426,21635
2025-07-02 12:50:00,119.4827,119.5925,119.353,119.4128,12688
2025-07-02 12:55:00,119.4128,119.6424,119.4128,119.5925,15243
2025-07-02 13:00:00,119.5925,119.7322,119.5925,119.6623,6196
2025-07-02 13:05:00,119.6274,119.6823,119.5243,119.5925,27324
2025-07-02 13:10:00,119.5725,119.5725,119.3394,119.4877,16309
2025-07-02 13:15:00,119.5126,119.5126,119.2831,119.353,14766
2025-07-02 13:20:00,119.353,119.5426,119.2831,119.4827,5766
2025-07-02 13:25:00,119.4877,119.6523,119.4877,119.5925,6851
2025-07-02 13:30:00,119.5476,119.7222,119.5476,119.6324,10295
2025-07-02 13:35:00,119.5825,119.6823,119.4727,119.6124,16064
2025-07-02 13:40:00,119.5825,119.6024,119.4927,119.5875,4668
2025-07-02 13:45:00,119.585,119.7122,119.5725,119.6823,12179
2025-07-02 13:50:00,119.7052,120.1812,119.6873,120.1713,33923
2025-07-02 13:55:00,120.1413,120.4407,120.1114,120.4407,18249
2025-07-02 14:00:00,120.4407,120.4507,120.2311,120.281,33692
2025-07-02 14:05:00,120.281,120.4108,120.2012,120.2361,35546
2025-07-02 14:10:00,120.2411,120.3808,120.0715,120.0715,30199
2025-07-02 14:15:00,120.1613,120.1613,119.9817,120.0016,13175
2025-07-02 14:20:00,119.8819,119.9916,119.8819,119.9667,5520
2025-07-02 14:25:00,119.9667,120.0814,119.9517,119.9717,9425
2025-07-02 14:30:00,120.0864,120.1463,120.0016,120.0465,8625
2025-07-02 14:35:00,120.0515,120.2411,119.9018,120.2162,20559
2025-07-02 14:40:00,120.2212,120.2711,120.1936,120.2711,2862
2025-07-02 14:45:00,120.2711,120.5006,120.2511,120.4307,10432
2025-07-02 14:50:00,120.4307,120.4407,120.2611,120.2611,12541
2025-07-02 14:55:00,120.281,120.4706,120.281,120.4004,22987
2025-07-02 15:00:00,120.4307,120.7401,120.1962,120.6952,33514
2025-07-02 15:05:00,120.6952,120.8998,120.6702,120.78,32651
2025-07-02 15:10:00,120.8199,121.0395,120.7501,121.0395,15178
2025-07-02 15:15:00,121.0011,121.1792,120.9496,121.0345,73199
2025-07-02 15:20:00,121.0195,121.0345,120.5605,120.5654,38312
2025-07-02 15:25:00,120.5679,120.5679,120.0715,120.0715,24899
2025-07-02 15:30:00,120.0715,120.0814,119.5126,119.5426,117079
2025-07-02 15:35:00,119.4927,119.6224,119.2731,119.4727,76640
2025-07-02 15:40:00,119.4078,119.5624,119.318,119.5226,61361
2025-07-02 15:45:00,119.5226,119.6623,119.343,119.3679,39531
2025-07-02 15:50:00,119.323,120.0365,119.323,120.0216,56782
2025-07-02 15:55:00,120.0365,120.311,119.9717,120.0216,196361
2025-07-03 09:30:00,119.9318,120.3408,119.2332,119.4827,49176
2025-07-03 09:35:00,119.8519,119.8519,118.2874,119.6573,38000
2025-07-03 09:40:00,119.6623,119.7421,117.5966,117.9459,27073
2025-07-03 09:45:00,117.9908,118.9945,117.7563,118.4848,20310
2025-07-03 09:50:00,118.5746,119.1633,118.5746,119.0336,17743
2025-07-03 09:55:00,119.0336,119.2182,118.834,118.8739,14629
2025-07-03 10:00:00,118.8341,119.3829,118.834,119.2332,21519
2025-07-03 10:05:00,119.0735,119.5625,118.9687,119.4228,23864
2025-07-03 10:10:00,119.5026,119.5426,118.6045,119.1234,17230
2025-07-03 10:15:00,119.0137,119.0137,118.4225,118.6045,24401
2025-07-03 10:20:00,118.5546,118.6744,118.1455,118.2153,19349
2025-07-03 10:25:00,118.2492,118.2878,117.9699,118.2752,18011
2025-07-03 10:30:00,118.1641,118.4447,117.9658,118.0531,20153
2025-07-03 10:35:00,118.0556,118.6843,117.9658,118.6673,34663
2025-07-03 10:40:00,118.5147,118.7243,118.3949,118.7043,11035
2025-07-03 10:45:00,118.6694,118.7537,118.4848,118.6912,11384
2025-07-03 10:50:00,118.4349,118.4349,117.9359,118.0756,25276
2025-07-03 10:55:00,118.0756,118.4249,118.0756,118.38,10422
2025-07-03 11:00:00,118.2951,118.4748,118.1504,118.2824,13235
2025-07-03 11:05:00,118.3251,118.3251,118.0656,118.1604,10716
2025-07-03 11:10:00,118.1654,118.2602,117.9656,117.9656,14933
2025-07-03 11:15:00,118.0257,118.0536,117.4569,117.6265,29221
2025-07-03 11:20:00,117.5367,117.8111,117.5367,117.6764,11751
2025-07-03 11:25:00,117.6565,117.7762,117.305,117.525,20412
2025-07-03 11:30:00,117.5966,117.7064,117.5467,117.5567,31635
2025-07-03 11:35:00,117.5567,117.7163,117.3016,117.5617,16230
2025-07-03 11:40:00,117.6465,117.866,117.5866,117.866,9702
2025-07-03 11:45:00,117.8111,117.9159,117.6565,117.7463,10162
2025-07-03 11:50:00,117.7064,117.7064,117.377,117.4369,9358
2025-07-03 11:55:00,117.5567,117.5567,117.2673,117.4669,9168
2025-07-03 12:00:00,117.397,117.4818,117.2413,117.2972,13099
2025-07-03 12:05:00,117.2573,117.3222,117.1375,117.2723,19108
2025-07-03 12:10:00,117.2573,117.397,117.1874,117.3421,31823
2025-07-03 12:15:00,117.3446,117.4768,117.2473,117.377,23797
2025-07-03 12:20:00,117.3671,117.3671,116.908,117.1675,21989
2025-07-03 12:25:00,117.1874,117.2573,116.9878,117.2024,15694
2025-07-03 12:30:00,117.2024,117.4669,117.1874,117.2723,33832
2025-07-03 12:35:00,117.2773,117.3172,117.1475,117.2373,32139
2025-07-03 12:40:00,117.2224,117.3271,117.0677,117.2613,23390
2025-07-03 12:45:00,117.2673,117.3072,117.1575,117.1675,34666
2025-07-03 12:50:00,117.1675,117.3271,116.9679,117.1325,45736
2025-07-03 12:55:00,117.1575,117.5766,117.1276,117.5168,89797
2025-07-03 13:00:00,117.4818,117.6066,116.7883,117.5467,264742
2025-07-03 13:05:00,117.5567,117.5567,117.5567,117.5567,10
2025-07-03 13:10:00,117.5467,117.5467,117.5267,117.5267,131187
2025-07-03 13:20:00,117.5267,117.5567,116.908,117.5567,291
2025-07-03 13:25:00,117.5168,117.5267,117.5168,117.5267,70
2025-07-03 13:30:00,117.407,117.407,117.0477,117.0477,27
2025-07-03 13:35:00,116.7583,116.7583,116.7583,116.7583,1
2025-07-03 13:40:00,117.3072,117.3072,117.2573,117.2573,52
2025-07-03 13:45:00,117.5467,117.5467,116.9629,117.3072,1287
2025-07-03 13:55:00,116.764,116.764,116.764,116.764,861
2025-07-03 14:00:00,117.3072,117.3072,117.3072,117.3072,2
2025-07-03 14:05:00,117.2573,117.2573,116.8282,116.8282,26
2025-07-03 14:10:00,117.0078,117.0078,117.0078,117.0078,11
2025-07-03 14:15:00,117.2573,117.2573,117.2573,117.2573,5
2025-07-03 14:20:00,117.3571,117.3571,117.3571,117.3571,500
2025-07-03 14:25:00,117.0078,117.5068,117.0078,117.5068,27
2025-07-03 14:35:00,117.4968,117.4968,117.4968,117.4968,1
2025-07-03 14:40:00,117.4669,117.4768,117.4669,117.4768,11
2025-07-03 14:55:00,117.4768,117.4768,117.1325,117.1325,14
2025-07-03 15:00:00,117.4768,117.4768,117.4768,117.4768,3
2025-07-03 15:20:00,116.7655,116.7655,116.7655,116.7655,2
2025-07-03 15:30:00,117.5467,117.5467,117.5467,117.5467,131173
2025-07-03 15:35:00,117.4768,117.4768,117.4768,117.4768,28
2025-07-03 15:45:00,117.4768,117.4768,117.4767,117.4767,40
2025-07-03 15:50:00,117.4768,117.4768,117.4768,117.4768,5
2025-07-03 15:55:00,117.4768,117.4768,117.4768,117.4768,10
2025-07-07 09:30:00,117.2074,117.9159,117.0976,117.2972,26839
2025-07-07 09:35:00,117.3371,117.7363,116.0223,117.4813,17629
2025-07-07 09:40:00,116.9978,117.3621,116.6585,116.7982,7777
2025-07-07 09:45:00,116.7933,116.7933,116.0189,116.0199,7168
2025-07-07 09:50:00,116.1521,116.4789,115.97,116.2893,20926
2025-07-07 09:55:00,116.419,116.6186,116.2227,116.6186,10179
2025-07-07 10:00:00,116.5887,116.7384,116.4689,116.6436,8928
2025-07-07 10:05:00,116.5019,117.1974,116.5019,117.1974,5739
2025-07-07 10:10:00,117.2373,117.2573,116.9479,116.9479,16194
2025-07-07 10:15:00,116.938,116.9504,116.439,116.4789,4475
2025-07-07 10:20:00,116.429,116.5887,116.2594,116.4789,6716
2025-07-07 10:25:00,116.449,116.449,116.2194,116.2693,6695
2025-07-07 10:30:00,116.449,116.5288,116.2444,116.3093,3841
2025-07-07 10:35:00,116.4989,116.5587,116.1571,116.1571,4619
2025-07-07 10:40:00,116.1097,116.7683,116.1097,116.7284,4952
2025-07-07 10:45:00,116.6286,116.7084,116.6286,116.6635,2027
2025-07-07 10:50:00,116.5837,116.7883,115.9999,116.2793,21433
2025-07-07 10:55:00,116.3392,116.5088,116.3093,116.3791,9031
2025-07-07 11:00:00,116.5188,116.5288,116.1895,116.1895,14083
2025-07-07 11:05:00,116.1895,116.3292,116.1895,116.3093,4172
2025-07-07 11:10:00,116.2893,116.2893,116.0498,116.1147,6523
2025-07-07 11:15:00,115.96,115.97,115.8402,115.8402,5190
2025-07-07 11:20:00,115.8801,115.95,115.7305,115.8552,11222
2025-07-07 11:25:00,115.7504,115.97,115.7055,115.7853,23255
2025-07-07 11:30:00,115.7853,116.0398,115.7853,116.0199,12481
2025-07-07 11:35:00,115.94,116.1995,115.94,116.1995,5340
2025-07-07 11:40:00,116.0797,116.1097,115.97,116.0648,6420
2025-07-07 11:45:00,115.9719,115.9899,115.7554,115.8602,4118
2025-07-07 11:50:00,115.7903,115.8203,115.6706,115.6806,8478
2025-07-07 11:55:00,115.6806,115.8203,115.6806,115.8003,6988
2025-07-07 12:00:00,115.8103,116.0598,115.8103,115.95,4170
2025-07-07 12:05:00,115.9899,116.0997,115.97,116.0598,6829
2025-07-07 12:10:00,115.97,115.97,115.7356,115.8901,7113
2025-07-07 12:15:00,115.9349,115.96,115.6007,115.6007,8988
2025-07-07 12:20:00,115.7205,115.7205,115.2215,115.6107,10390
2025-07-07 12:25:00,115.461,115.7889,115.461,115.6806,5381
2025-07-07 12:30:00,115.8003,115.8003,115.5708,115.6955,1668
2025-07-07 12:35:00,115.6007,115.8103,115.5808,115.7005,5926
2025-07-07 12:40:00,115.7504,115.7903,115.7005,115.7105,3764
2025-07-07 12:45:00,115.7105,115.7204,115.5408,115.5608,7764
2025-07-07 12:50:00,115.5907,115.6506,115.5708,115.5708,1947
2025-07-07 12:55:00,115.5508,115.5508,115.3213,115.3213,6089
2025-07-07 13:00:00,115.471,115.6406,115.4411,115.4867,5512
2025-07-07 13:05:00,115.4111,115.5408,115.3482,115.5309,4339
2025-07-07 13:10:00,115.5708,115.6406,115.5708,115.5758,1542
2025-07-07 13:15:00,115.6107,115.7903,115.5154,115.7354,8496
2025-07-07 13:20:00,115.7504,115.8486,115.7504,115.8103,2987
2025-07-07 13:25:00,115.7404,115.7953,115.7305,115.7953,1684
2025-07-07 13:30:00,115.7404,115.9101,115.3712,115.461,18249
2025-07-07 13:35:00,115.4011,115.5786,115.4011,115.4111,4736
2025-07-07 13:40:00,115.4885,115.6406,115.4885,115.5645,3470
2025-07-07 13:45:00,115.521,115.6157,115.5209,115.5708,2234
2025-07-07 13:50:00,115.5608,115.6606,115.5109,115.5408,5969
2025-07-07 13:55:00,115.5009,115.5907,115.4909,115.5508,2556
2025-07-07 14:00:00,115.6406,115.7979,115.6207,115.6506,3843
2025-07-07 14:05:00,115.6855,115.7903,115.6506,115.7903,8643
2025-07-07 14:10:00,115.7803,115.7803,115.6007,115.6007,3238
2025-07-07 14:15:00,115.6107,115.7005,115.2315,115.2514,5757
2025-07-07 14:20:00,115.2415,115.3462,114.8722,115.3462,10861
2025-07-07 14:25:00,115.471,115.5408,115.3738,115.4411,2194
2025-07-07 14:30:00,115.4361,115.5309,115.3862,115.3912,7309
2025-07-07 14:35:00,115.4311,115.5708,115.3313,115.5508,6964
2025-07-07 14:40:00,115.6107,115.8502,115.5658,115.8003,10623
2025-07-07 14:45:00,115.8003,115.8602,115.7504,115.8377,3849
2025-07-07 14:50:00,115.8302,116.0298,115.8103,116.0298,10653
2025-07-07 14:55:00,116.0578,116.1845,116.0298,116.1596,10273
2025-07-07 15:00:00,116.1496,116.1895,115.9101,115.9151,10092
2025-07-07 15:05:00,115.8402,115.9076,115.7554,115.9051,15757
2025-07-07 15:10:00,115.9201,115.94,115.7604,115.8103,8002
2025-07-07 15:15:00,115.7604,115.9799,115.7604,115.9799,16013
2025-07-07 15:20:00,115.96,116.0199,115.6806,115.7404,14344
2025-07-07 15:25:00,115.7255,115.7255,115.5708,115.5808,13865
2025-07-07 15:30:00,115.6107,115.8404,115.6007,115.8322,9355
2025-07-07 15:35:00,115.8302,116.0099,115.8302,115.9226,15901
2025-07-07 15:40:00,115.9201,115.96,115.8165,115.9101,19465
2025-07-07 15:45:00,115.9101,116.1296,115.8552,115.9999,35673
2025-07-07 15:50:00,116.0298,116.1446,115.97,116.0298,37468
2025-07-07 15:55:00,116.0598,116.2194,116.0049,116.1097,115005
2025-07-08 09:30:00,115.8402,117.0577,115.7803,117.0577,10272
2025-07-08 09:35:00,116.9875,116.9875,116.0049,116.2693,11934
2025-07-08 09:40:00,116.5587,116.7006,116.3691,116.3691,8478
2025-07-08 09:45:00,116.4989,116.4989,116.0199,116.0199,7135
2025-07-08 09:50:00,116.1596,116.1596,115.5359,115.6506,14439
2025-07-08 09:55:00,115.6606,115.96,115.6406,115.7754,7564
2025-07-08 10:00:00,115.7155,115.9398,115.3013,115.3512,17887
2025-07-08 10:05:00,115.383,115.5808,115.0718,115.523,28992
2025-07-08 10:10:00,115.4311,115.6905,115.4311,115.5109,16083
2025-07-08 10:15:00,115.6806,115.7742,115.2914,115.4111,46982
2025-07-08 10:20:00,115.5508,116.2993,115.5209,116.2993,24872
2025-07-08 10:25:00,116.429,116.429,115.94,116.1296,8634
2025-07-08 10:30:00,116.2993,116.7134,116.2394,116.6336,10803
2025-07-08 10:35:00,116.6336,116.8481,116.6286,116.8481,5719
2025-07-08 10:40:00,116.8282,116.908,116.6186,116.7733,6407
2025-07-08 10:45:00,116.8581,117.1575,116.6336,117.0727,14285
2025-07-08 10:50:00,117.1236,117.1775,116.923,117.0777,13168
2025-07-08 10:55:00,117.0777,117.1076,116.8881,117.0377,8038
2025-07-08 11:00:00,117.0502,117.2373,116.8481,116.8881,11835
2025-07-08 11:05:00,116.9779,117.5966,116.9779,117.387,9263
2025-07-08 11:10:00,117.4369,117.7563,117.4369,117.7064,11486
2025-07-08 11:15:00,117.7363,117.8651,117.5018,117.5068,14574
2025-07-08 11:20:00,117.5068,117.5068,117.1575,117.1725,19985
2025-07-08 11:25:00,117.1425,117.175,116.8032,116.8831,4150
2025-07-08 11:30:00,116.9111,117.387,116.9111,117.387,7814
2025-07-08 11:35:00,117.2373,117.3571,117.0427,117.3571,12111
2025-07-08 11:40:00,117.2623,117.2623,117.0769,117.1775,11389
2025-07-08 11:45:00,117.1126,117.3471,117.1126,117.3044,3710
2025-07-08 11:50:00,117.2773,117.3671,117.2074,117.2573,6581
2025-07-08 11:55:00,117.3471,117.377,117.1575,117.2673,7385
2025-07-08 12:00:00,117.2673,117.2673,117.1177,117.1974,2749
2025-07-08 12:05:00,117.1675,117.1675,116.8781,116.8781,5868
2025-07-08 12:10:00,116.9978,117.0078,116.7982,116.9878,3500
2025-07-08 12:15:00,117.0178,117.1076,116.9479,117.0876,6593
2025-07-08 12:20:00,117.1276,117.4669,117.1276,117.387,4740
2025-07-08 12:25:00,117.392,117.5966,117.3671,117.5367,9406
2025-07-08 12:30:00,117.5766,117.866,117.5567,117.7481,7795
2025-07-08 12:35:00,117.7213,117.9558,117.5517,117.6914,34486
2025-07-08 12:40:00,117.7363,117.7363,117.392,117.5263,3423
2025-07-08 12:45:00,117.4469,117.5367,117.4469,117.5367,885
2025-07-08 12:50:00,117.417,117.4868,117.1176,117.2074,8085
2025-07-08 12:55:00,117.1575,117.2573,117.0477,117.1775,6482
2025-07-08 13:00:00,117.0477,117.1276,116.9779,117.1276,4383
2025-07-08 13:05:00,117.2174,117.2174,116.8082,117.0751,5197
2025-07-08 13:10:00,117.0178,117.0178,116.8874,116.8874,5630
2025-07-08 13:15:00,116.9679,117.0078,116.898,116.9479,4643
2025-07-08 13:20:00,117.0278,117.0278,116.7833,116.8481,10272
2025-07-08 13:25:00,116.8481,116.9579,116.7483,116.918,8299
2025-07-08 13:30:00,116.8681,117.0677,116.8581,116.9715,11400
2025-07-08 13:35:00,116.9679,116.9679,116.8382,116.8556,9662
2025-07-08 13:40:00,116.8481,116.8681,116.6585,116.8032,13040
2025-07-08 13:45:00,116.8881,117.0377,116.8182,117.0028,5332
2025-07-08 13:50:00,116.9928,117.1974,116.9928,117.1974,6529
2025-07-08 13:55:00,117.0876,117.3215,117.0876,117.2323,13747
2025-07-08 14:00:00,117.1974,117.3271,117.1924,117.3271,3658
2025-07-08 14:05:00,117.4174,117.5068,117.2606,117.5068,6967
2025-07-08 14:10:00,117.373,117.5866,117.373,117.5866,1382
2025-07-08 14:15:00,117.6365,117.7064,117.6215,117.6265,3442
2025-07-08 14:20:00,117.6265,117.8261,117.6265,117.6565,9758
2025-07-08 14:25:00,117.6964,117.6964,117.2598,117.323,9149
2025-07-08 14:30:00,117.4968,117.5766,117.4369,117.4968,5748
2025-07-08 14:35:00,117.5168,117.5367,117.4369,117.5267,3699
2025-07-08 14:40:00,117.5068,117.5267,117.4419,117.4569,6418
2025-07-08 14:45:00,117.5567,117.6864,117.5567,117.6415,2932
2025-07-08 14:50:00,117.7263,117.7662,117.5867,117.6764,4257
2025-07-08 14:55:00,117.6664,117.6664,117.5267,117.5866,12788
2025-07-08 15:00:00,117.6165,117.8261,117.6116,117.8211,12936
2025-07-08 15:05:00,117.7463,117.8211,117.7263,117.8062,9121
2025-07-08 15:10:00,117.7762,117.8261,117.5967,117.6165,12539
2025-07-08 15:15:00,117.6503,117.6503,117.5267,117.5617,7468
2025-07-08 15:20:00,117.6365,117.6565,117.5716,117.5716,10628
2025-07-08 15:25:00,117.6265,117.7962,117.6265,117.6764,11082
2025-07-08 15:30:00,117.6365,117.7263,117.387,117.387,21431
2025-07-08 15:35:00,117.387,117.4145,117.0976,117.1874,14664
2025-07-08 15:40:00,117.1076,117.2922,117.1076,117.1325,14064
2025-07-08 15:45:00,117.1824,117.2623,117.0976,117.2373,20984
2025-07-08 15:50:00,117.2872,117.2872,116.9479,117.0474,35437
2025-07-08 15:55:00,117.0677,117.1725,116.7883,116.8082,187039
2025-07-09 09:30:00,117.5567,118.6344,117.4669,118.4748,21080
2025-07-09 09:35:00,118.3478,119.2631,118.3478,118.5047,16715
2025-07-09 09:40:00,119.0835,119.7421,118.826,119.0536,10005
2025-07-09 09:45:00,118.9737,119.348,118.8975,119.2631,9861
2025-07-09 09:50:00,119.2582,119.3679,118.8939,119.343,16025
2025-07-09 09:55:00,119.2631,119.8918,119.2631,119.6573,15646
2025-07-09 10:00:00,119.812,120.3708,119.812,119.8868,16493
2025-07-09 10:05:00,119.8719,120.311,119.7521,120.2411,41474
2025-07-09 10:10:00,120.1912,120.2212,119.8819,120.0715,20203
2025-07-09 10:15:00,119.9617,120.0216,119.0902,119.5026,10015
2025-07-09 10:20:00,119.4527,119.6324,119.2423,119.5725,19727
2025-07-09 10:25:00,119.5525,119.6623,119.2931,119.2931,4988
2025-07-09 10:30:00,119.4328,119.8419,119.1234,119.8419,48436
2025-07-09 10:35:00,119.797,119.8719,119.4478,119.4478,30970
2025-07-09 10:40:00,119.4478,119.6923,119.3779,119.6424,18368
2025-07-09 10:45:00,119.6024,119.6923,119.4228,119.5426,28429
2025-07-09 10:50:00,119.5426,119.5426,119.3031,119.4278,29360
2025-07-09 10:55:00,119.4927,119.5326,119.2083,119.2107,24449
2025-07-09 11:00:00,119.1633,119.343,118.7942,119.343,29407
2025-07-09 11:05:00,119.3031,119.4627,119.2981,119.353,8759
2025-07-09 11:10:00,119.348,119.348,118.7642,118.8839,26324
2025-07-09 11:15:00,118.8939,119.0137,118.7043,118.7841,21909
2025-07-09 11:20:00,118.7592,118.854,118.6344,118.7592,30119
2025-07-09 11:25:00,118.7592,119.1633,118.7592,118.9338,29174
2025-07-09 11:30:00,118.9737,119.0935,118.9538,118.9787,13227
2025-07-09 11:35:00,118.9787,119.1184,118.859,118.8939,24710
2025-07-09 11:40:00,118.9438,119.1534,118.9438,119.0636,10798
2025-07-09 11:45:00,119.0636,119.1334,119.0037,119.1134,19650
2025-07-09 11:50:00,119.0436,119.1933,118.8967,118.9638,17765
2025-07-09 11:55:00,118.9937,119.1733,118.9737,119.1484,13435
2025-07-09 12:00:00,119.1035,119.6074,119.0685,119.5026,18414
2025-07-09 12:05:00,119.5026,119.6224,119.375,119.4927,15087
2025-07-09 12:10:00,119.4927,119.65,119.4228,119.4977,15894
2025-07-09 12:15:00,119.5026,119.5825,119.4228,119.5426,13788
2025-07-09 12:20:00,119.5525,119.6306,119.3829,119.4228,18450
2025-07-09 12:25:00,119.3779,119.4827,119.2831,119.4627,44369
2025-07-09 12:30:00,119.4232,119.7122,119.4029,119.5625,16349
2025-07-09 12:35:00,119.4627,119.5825,119.2232,119.3031,60071
2025-07-09 12:40:00,119.3031,119.7322,119.2981,119.7172,12248
2025-07-09 12:45:00,119.6972,119.6972,119.3829,119.5326,13995
2025-07-09 12:50:00,119.5326,119.6323,119.1833,119.4527,29044
2025-07-09 12:55:00,119.4527,119.792,119.4527,119.7521,16536
2025-07-09 13:00:00,119.7521,119.9218,119.6523,119.812,17089
2025-07-09 13:05:00,119.812,120.1713,119.807,120.1713,17199
2025-07-09 13:10:00,120.1064,120.281,119.8824,120.0266,35121
2025-07-09 13:15:00,120.0315,120.2212,119.9318,120.1812,16710
2025-07-09 13:20:00,120.1812,120.281,120.0315,120.0315,49728
2025-07-09 13:25:00,120.0113,120.1713,120.0016,120.1064,23960
2025-07-09 13:30:00,120.1064,120.3908,120.1064,120.3908,34918
2025-07-09 13:35:00,120.281,120.8481,120.281,120.79,27574
2025-07-09 13:40:00,120.79,120.9695,120.6702,120.8499,27682
2025-07-09 13:45:00,120.8698,120.9596,120.6303,120.6852,27967
2025-07-09 13:50:00,120.6852,120.8598,120.6104,120.795,18485
2025-07-09 13:55:00,120.8349,120.8898,120.4008,120.4008,31369
2025-07-09 14:00:00,120.4008,120.76,120.4008,120.6752,38837
2025-07-09 14:05:00,120.6802,120.9995,120.6503,120.8798,22980
2025-07-09 14:10:00,120.8798,121.1892,120.8748,121.1742,15465
2025-07-09 14:15:00,121.1742,121.2233,120.77,120.78,16220
2025-07-09 14:20:00,120.6328,120.6503,120.2511,120.2711,28385
2025-07-09 14:25:00,120.2511,120.311,120.1014,120.1014,19442
2025-07-09 14:30:00,120.1363,120.3409,120.1014,120.1613,18453
2025-07-09 14:35:00,120.1613,120.5106,120.1177,120.4906,12348
2025-07-09 14:40:00,120.5006,120.5106,120.3509,120.3609,4843
2025-07-09 14:45:00,120.3547,120.5854,120.3547,120.4806,17881
2025-07-09 14:50:00,120.4557,120.4557,120.2711,120.3509,14783
2025-07-09 14:55:00,120.3908,120.4108,120.2711,120.3659,19008
2025-07-09 15:00:00,120.3708,120.5904,120.3609,120.5305,18148
2025-07-09 15:05:00,120.5305,120.5605,120.1114,120.1363,23164
2025-07-09 15:10:00,120.1713,120.281,120.1389,120.1413,12438
2025-07-09 15:15:00,120.1214,120.3708,120.1214,120.3509,16790
2025-07-09 15:20:00,120.3808,120.6104,120.3509,120.4706,32859
2025-07-09 15:25:00,120.4507,120.5994,120.4257,120.5994,12098
2025-07-09 15:30:00,120.6004,120.9197,120.4767,120.8698,31914
2025-07-09 15:35:00,120.8299,120.9298,120.77,120.8,20847
2025-07-09 15:40:00,120.8,120.9796,120.7501,120.9796,47692
2025-07-09 15:45:00,120.9896,121.0494,120.8299,120.9347,35044
2025-07-09 15:50:00,120.8898,121.5584,120.8898,121.5484,85562
2025-07-09 15:55:00,121.5584,121.7688,121.0993,121.1393,251758
2025-07-10 09:30:00,121.2291,121.5434,120.7501,121.0345,35147
2025-07-10 09:35:00,121.0295,121.5458,120.9097,120.9796,23080
2025-07-10 09:40:00,120.9746,121.4187,120.9746,121.1093,9960
2025-07-10 09:45:00,121.279,121.6881,121.2445,121.5983,46191
2025-07-10 09:50:00,121.6083,121.748,121.269,121.6482,8626
2025-07-10 09:55:00,121.738,122.222,121.738,122.0474,23976
2025-07-10 10:00:00,122.1023,122.8557,121.9576,122.4964,33934
2025-07-10 10:05:00,122.6786,122.9655,122.5663,122.6786,21968
2025-07-10 10:10:00,122.726,123.0337,122.5863,122.9355,18446
2025-07-10 10:15:00,122.8058,122.8108,122.4565,122.5863,22306
2025-07-10 10:20:00,122.6312,122.8856,122.5264,122.8058,12812
2025-07-10 10:25:00,122.8058,122.8856,122.5164,122.6761,14845
2025-07-10 10:30:00,122.5164,122.7113,122.267,122.7113,10520
2025-07-10 10:35:00,122.711,122.9056,122.6461,122.8357,8737
2025-07-10 10:40:00,122.8507,122.9755,122.696,122.9106,12863
2025-07-10 10:45:00,122.9106,123.0623,122.6761,122.736,34198
2025-07-10 10:50:00,122.736,122.7459,122.5264,122.6861,14807
2025-07-10 10:55:00,122.7858,122.8657,122.6813,122.7734,13267
2025-07-10 11:00:00,122.6761,123.215,122.5663,123.195,14172
2025-07-10 11:05:00,123.2249,123.3547,123.0952,123.3447,10050
2025-07-10 11:10:00,123.4145,123.4445,123.2948,123.3896,12935
2025-07-10 11:15:00,123.3896,123.4545,123.175,123.4145,19988
2025-07-10 11:20:00,123.2649,123.2649,122.7035,122.7035,15148
2025-07-10 11:25:00,122.721,122.8906,122.4765,122.5563,21674
2025-07-10 11:30:00,122.4565,122.5375,122.247,122.2869,11235
2025-07-10 11:35:00,122.3018,122.4066,122.0673,122.4066,18500
2025-07-10 11:40:00,122.4665,122.4665,122.227,122.3368,6614
2025-07-10 11:45:00,122.2869,122.5126,122.2021,122.4366,7514
2025-07-10 11:50:00,122.5364,122.6262,122.3717,122.5014,7857
2025-07-10 11:55:00,122.5437,122.5713,122.4765,122.5064,9200
2025-07-10 12:00:00,122.4366,122.4765,122.3368,122.4366,20106
2025-07-10 12:05:00,122.5264,122.6162,122.3468,122.5663,21737
2025-07-10 12:10:00,122.6012,122.6511,122.4765,122.5264,9835
2025-07-10 12:15:00,122.5264,122.5663,122.4765,122.4765,9365
2025-07-10 12:20:00,122.4665,122.5064,122.3168,122.3517,14931
2025-07-10 12:25:00,122.3517,122.5064,122.3517,122.4865,17146
2025-07-10 12:30:00,122.3917,122.4266,122.3667,122.3967,5675
2025-07-10 12:35:00,122.3567,122.6112,122.3368,122.6112,14138
2025-07-10 12:40:00,122.5763,122.5863,122.5264,122.5414,7817
2025-07-10 12:45:00,122.5264,122.6262,122.4657,122.6262,18146
2025-07-10 12:50:00,122.5663,122.5663,122.2869,122.3368,17259
2025-07-10 12:55:00,122.3368,122.3368,122.1971,122.3268,5814
2025-07-10 13:00:00,122.1571,122.1671,121.808,122.0973,8392
2025-07-10 13:05:00,122.1023,122.4249,122.0973,122.247,8085
2025-07-10 13:10:00,122.3767,122.5264,122.3268,122.4665,16751
2025-07-10 13:15:00,122.4865,122.6262,122.4266,122.5813,11436
2025-07-10 13:20:00,122.5863,122.8955,122.5838,122.8208,9169
2025-07-10 13:25:00,122.8058,123.0204,122.8058,122.8956,20428
2025-07-10 13:30:00,122.8956,122.9455,122.6661,122.9256,21911
2025-07-10 13:35:00,122.9555,122.9555,122.8856,122.9156,9657
2025-07-10 13:40:00,122.8657,123.0802,122.8657,123.0752,9510
2025-07-10 13:45:00,123.0952,123.1351,122.9555,123.0453,15032
2025-07-10 13:50:00,123.0254,123.1152,122.9605,123.0852,14046
2025-07-10 13:55:00,123.0254,123.0353,122.8657,122.8657,7961
2025-07-10 14:00:00,122.8557,122.8557,122.6561,122.6611,10559
2025-07-10 14:05:00,122.6561,122.726,122.4915,122.696,12499
2025-07-10 14:10:00,122.706,122.9355,122.6461,122.8782,22475
2025-07-10 14:15:00,122.8457,123.1651,122.8258,123.1651,11550
2025-07-10 14:20:00,123.175,123.175,122.7459,123.0054,26786
2025-07-10 14:25:00,123.125,123.1351,122.9355,122.9355,11967
2025-07-10 14:30:00,122.8856,122.9755,122.7858,122.8657,22834
2025-07-10 14:35:00,122.8657,122.8657,122.6362,122.6461,13450
2025-07-10 14:40:00,122.6162,122.8457,122.5164,122.8457,24321
2025-07-10 14:45:00,122.8856,122.8856,122.5114,122.6262,26068
2025-07-10 14:50:00,122.6411,122.736,122.6362,122.736,5059
2025-07-10 14:55:00,122.6861,122.726,122.5463,122.6561,16717
2025-07-10 15:00:00,122.6711,122.8158,122.6362,122.7459,5675
2025-07-10 15:05:00,122.721,122.7559,122.4466,122.5863,13526
2025-07-10 15:10:00,122.5563,122.6162,122.4665,122.5763,12096
2025-07-10 15:15:00,122.6261,122.6261,122.2769,122.2769,18088
2025-07-10 15:20:00,122.3018,122.5563,122.3018,122.4466,23713
2025-07-10 15:25:00,122.4266,122.716,122.4066,122.5763,49904
2025-07-10 15:30:00,122.4865,122.5264,122.1721,122.4366,42444
2025-07-10 15:35:00,122.4565,122.6561,122.3917,122.4416,30950
2025-07-10 15:40:00,122.4316,122.7759,122.3938,122.7509,37474
2025-07-10 15:45:00,122.7858,122.8357,122.5563,122.6162,84334
2025-07-10 15:50:00,122.6362,122.6362,122.237,122.5214,83101
2025-07-10 15:55:00,122.6062,122.7958,122.4066,122.4066,303946
2025-07-11 09:30:00,120.73,121.19,120.0,120.755,42892
2025-07-11 09:35:00,120.52,120.97,120.51,120.51,12676
2025-07-11 09:40:00,120.73,121.11,120.39,120.965,14817
2025-07-11 09:45:00,120.965,121.2,120.7,120.942,12111
2025-07-11 09:50:00,121.185,121.26,120.975,121.26,3642
2025-07-11 09:55:00,121.265,121.52,120.8901,121.12,16687
2025-07-11 10:00:00,121.04,121.31,120.84,121.2775,9239
2025-07-11 10:05:00,121.295,121.3,120.78,120.7805,13842
2025-07-11 10:10:00,120.78,121.12,120.7,120.94,14207
2025-07-11 10:15:00,120.78,120.92,120.64,120.835,11766
2025-07-11 10:20:00,120.87,121.18,120.835,121.025,4574
2025-07-11 10:25:00,121.04,121.21,121.04,121.15,4736
2025-07-11 10:30:00,121.15,121.35,121.03,121.35,9432
2025-07-11 10:35:00,121.26,121.4336,121.26,121.27,10204
2025-07-11 10:40:00,121.21,121.2875,120.98,120.98,7502
2025-07-11 10:45:00,121.05,121.075,120.77,120.885,7774
2025-07-11 10:50:00,120.94,120.96,120.547,120.645,8143
2025-07-11 10:55:00,120.68,121.03,120.59,121.03,15186
2025-07-11 11:00:00,120.9387,121.0,120.825,120.895,7144
2025-07-11 11:05:00,120.895,121.11,120.895,121.11,6097
2025-07-11 11:10:00,121.0508,121.42,120.96,121.39,9204
2025-07-11 11:15:00,121.345,121.45,121.2385,121.35,16711
2025-07-11 11:20:00,121.49,121.665,121.365,121.6,3817
2025-07-11 11:25:00,121.44,121.55,121.2228,121.42,8532
2025-07-11 11:30:00,121.36,121.59,121.36,121.59,2347
2025-07-11 11:35:00,121.6,121.6,121.5,121.59,3076
2025-07-11 11:40:00,121.5565,121.68,121.5,121.68,10114
2025-07-11 11:45:00,121.64,121.64,121.425,121.44,3006
2025-07-11 11:50:00,121.4775,121.5599,121.37,121.39,9351
2025-07-11 11:55:00,121.405,121.405,121.271,121.33,14446
2025-07-11 12:00:00,121.375,121.53,121.3214,121.41,27401
2025-07-11 12:05:00,121.39,121.45,120.83,120.935,23149
2025-07-11 12:10:00,120.87,120.87,120.43,120.505,19103
2025-07-11 12:15:00,120.5575,120.63,120.48,120.5625,34388
2025-07-11 12:20:00,120.555,120.59,120.455,120.455,9997
2025-07-11 12:25:00,120.395,121.1117,120.21,121.1117,234955
2025-07-11 12:30:00,121.04,121.2399,121.0,121.0,44308
2025-07-11 12:35:00,121.0266,121.1226,120.8301,120.91,17675
2025-07-11 12:40:00,120.91,121.1128,120.91,121.09,15245
2025-07-11 12:45:00,121.015,121.11,120.86,121.03,14572
2025-07-11 12:50:00,121.13,121.3099,121.057,121.22,9646
2025-07-11 12:55:00,121.27,121.5,121.27,121.435,9810
2025-07-11 13:00:00,121.48,121.48,121.02,121.04,12485
2025-07-11 13:05:00,121.1405,121.26,121.04,121.215,10549
2025-07-11 13:10:00,121.2058,121.45,121.1,121.375,11387
2025-07-11 13:15:00,121.375,121.4367,121.26,121.26,8887
2025-07-11 13:20:00,121.3,121.49,121.27,121.405,7716
2025-07-11 13:25:00,121.4356,121.6011,121.3656,121.58,9108
2025-07-11 13:30:00,121.58,121.62,121.51,121.51,8441
2025-07-11 13:35:00,121.552,121.61,121.3,121.3,14530
2025-07-11 13:40:00,121.31,121.37,121.08,121.09,7330
2025-07-11 13:45:00,121.05,121.13,120.85,120.85,14627
2025-07-11 13:50:00,120.83,121.035,120.75,121.02,16237
2025-07-11 13:55:00,121.0,121.12,121.0,121.12,4289
2025-07-11 14:00:00,121.11,121.14,121.0,121.115,8018
2025-07-11 14:05:00,121.12,121.263,121.075,121.24,9932
2025-07-11 14:10:00,121.24,121.3199,121.18,121.2472,5481
2025-07-11 14:15:00,121.2309,121.31,121.15,121.31,7261
2025-07-11 14:20:00,121.2823,121.5261,121.27,121.4816,13988
2025-07-11 14:25:00,121.495,121.51,121.33,121.33,13717
2025-07-11 14:30:00,121.425,121.45,121.29,121.435,12772
2025-07-11 14:35:00,121.4899,121.65,121.45,121.575,10387
2025-07-11 14:40:00,121.5675,122.0,121.53,121.895,12160
2025-07-11 14:45:00,121.9,121.9,121.75,121.7716,16322
2025-07-11 14:50:00,121.77,121.77,121.55,121.5975,8629
2025-07-11 14:55:00,121.58,121.608,121.4129,121.4576,12590
2025-07-11 15:00:00,121.41,121.49,121.0,121.06,14609
2025-07-11 15:05:00,121.06,121.31,121.0,121.28,14755
2025-07-11 15:10:00,121.23,121.27,121.12,121.259,12504
2025-07-11 15:15:00,121.27,121.44,121.23,121.425,7569
2025-07-11 15:20:00,121.39,121.53,121.39,121.52,17574
2025-07-11 15:25:00,121.54,121.595,121.36,121.595,18855
2025-07-11 15:30:00,121.49,121.5,121.32,121.38,16192
2025-07-11 15:35:00,121.4,121.47,121.23,121.31,23365
2025-07-11 15:40:00,121.31,121.42,121.16,121.2,23343
2025-07-11 15:45:00,121.18,121.32,121.16,121.28,33433
2025-07-11 15:50:00,121.22,121.23,120.78,121.0,66601
2025-07-11 15:55:00,121.025,121.1425,120.82,120.91,201042
2025-07-14 09:30:00,120.36,120.98,119.95,120.785,23588
2025-07-14 09:35:00,120.57,120.78,120.39,120.49,21136
2025-07-14 09:40:00,120.515,120.515,120.0,120.19,34964
2025-07-14 09:45:00,120.355,120.9799,120.3,120.64,5217
2025-07-14 09:50:00,120.67,120.78,120.38,120.73,15556
2025-07-14 09:55:00,120.65,120.75,120.24,120.375,20359
2025-07-14 10:00:00,120.265,120.43,119.67,119.8666,46686
2025-07-14 10:05:00,119.77,119.9,119.02,119.5,51258
2025-07-14 10:10:00,119.505,119.77,119.44,119.63,35168
2025-07-14 10:15:00,119.625,120.1044,119.05,119.33,53248
2025-07-14 10:20:00,119.09,119.4749,119.09,119.28,33280
2025-07-14 10:25:00,119.2806,119.3019,118.45,118.6,31952
2025-07-14 10:30:00,118.6,118.86,118.35,118.49,13235
2025-07-14 10:35:00,118.49,119.0,118.38,118.92,21097
2025-07-14 10:40:00,118.92,119.18,118.86,118.96,12175
2025-07-14 10:45:00,119.11,119.2398,118.71,118.77,10168
2025-07-14 10:50:00,118.72,118.76,118.37,118.42,41560
2025-07-14 10:55:00,118.545,119.05,118.545,119.05,32542
2025-07-14 11:00:00,118.97,119.07,118.71,118.73,26989
2025-07-14 11:05:00,118.7,118.7,118.43,118.624,5449
2025-07-14 11:10:00,118.55,118.795,118.51,118.51,11239
2025-07-14 11:15:00,118.45,118.5,118.1,118.38,16227
2025-07-14 11:20:00,118.41,118.91,118.4,118.835,70131
2025-07-14 11:25:00,118.835,119.25,118.835,119.15,64064
2025-07-14 11:30:00,119.15,119.34,119.13,119.285,32013
2025-07-14 11:35:00,119.26,119.41,119.2,119.35,26814
2025-07-14 11:40:00,119.39,119.61,119.32,119.6,28463
2025-07-14 11:45:00,119.57,119.57,119.26,119.26,17853
2025-07-14 11:50:00,119.22,119.35,119.11,119.265,10619
2025-07-14 11:55:00,119.23,119.5,119.225,119.5,8091
2025-07-14 12:00:00,119.52,119.65,119.4,119.6175,7589
2025-07-14 12:05:00,119.59,119.615,119.37,119.37,7281
2025-07-14 12:10:00,119.27,119.395,118.93,119.225,12653
2025-07-14 12:15:00,119.205,119.24,119.2,119.24,3486
2025-07-14 12:20:00,119.22,119.315,119.22,119.26,5520
2025-07-14 12:25:00,119.3,119.56,119.23,119.52,13201
2025-07-14 12:30:00,119.55,119.55,119.39,119.45,6818
2025-07-14 12:35:00,119.45,119.65,119.45,119.57,29698
2025-07-14 12:40:00,119.55,119.725,119.54,119.65,30887
2025-07-14 12:45:00,119.68,119.82,119.67,119.76,17602
2025-07-14 12:50:00,119.74,119.98,119.74,119.945,8818
2025-07-14 12:55:00,119.945,119.99,119.93,119.97,10509
2025-07-14 13:00:00,119.98,120.11,119.98,120.02,13019
2025-07-14 13:05:00,120.01,120.05,119.8,120.05,22833
2025-07-14 13:10:00,120.03,120.14,119.98,120.03,8985
2025-07-14 13:15:00,119.99,120.01,119.73,119.78,12555
2025-07-14 13:20:00,119.71,119.725,119.5695,119.66,7788
2025-07-14 13:25:00,119.7,119.8,119.61,119.78,8828
2025-07-14 13:30:00,119.81,119.86,119.72,119.815,9209
2025-07-14 13:35:00,119.7817,119.9692,119.7817,119.9692,7951
2025-07-14 13:40:00,119.91,120.03,119.9,120.01,8840
2025-07-14 13:45:00,120.02,120.0663,119.895,120.005,17722
2025-07-14 13:50:00,119.96,120.21,119.95,120.21,10154
2025-07-14 13:55:00,120.2673,120.2799,120.13,120.13,10309
2025-07-14 14:00:00,120.19,120.33,120.13,120.19,20605
2025-07-14 14:05:00,120.21,120.3265,120.15,120.17,13288
2025-07-14 14:10:00,120.22,120.25,120.1,120.1,12863
2025-07-14 14:15:00,120.12,120.18,120.09,120.14,32751
2025-07-14 14:20:00,120.21,120.21,119.94,119.95,12424
2025-07-14 14:25:00,119.955,120.0,119.83,119.92,14018
2025-07-14 14:30:00,119.93,120.27,119.93,120.27,20730
2025-07-14 14:35:00,120.31,120.4237,120.1,120.22,20117
2025-07-14 14:40:00,120.18,120.23,120.12,120.18,5795
2025-07-14 14:45:00,120.18,120.1903,119.93,119.93,17331
2025-07-14 14:50:00,120.04,120.21,119.99,120.21,13219
2025-07-14 14:55:00,120.2,120.35,120.13,120.23,16539
2025-07-14 15:00:00,120.24,120.36,120.23,120.355,12962
2025-07-14 15:05:00,120.33,120.33,120.195,120.27,18432
2025-07-14 15:10:00,120.27,120.38,120.23,120.25,22679
2025-07-14 15:15:00,120.23,120.35,120.22,120.23,13234
2025-07-14 15:20:00,120.22,120.23,120.01,120.045,19165
2025-07-14 15:25:00,120.04,120.15,119.92,120.15,21984
2025-07-14 15:30:00,120.11,120.115,119.92,120.035,19225
2025-07-14 15:35:00,120.04,120.145,119.965,119.965,24470
2025-07-14 15:40:00,119.99,120.165,119.94,119.94,38917
2025-07-14 15:45:00,119.94,119.94,119.62,119.72,45157
2025-07-14 15:50:00,119.72,119.74,119.385,119.455,92054
2025-07-14 15:55:00,119.48,119.61,119.35,119.35,205767
2025-07-15 09:30:00,119.65,120.51,119.65,119.99,39973
2025-07-15 09:35:00,120.2115,120.465,119.98,119.98,21862
2025-07-15 09:40:00,119.98,120.055,119.0,119.32,8099
2025-07-15 09:45:00,119.01,119.47,118.9,118.9,11288
2025-07-15 09:50:00,118.76,119.06,118.74,118.87,7674
2025-07-15 09:55:00,119.0036,119.0871,118.5333,118.705,20401
2025-07-15 10:00:00,118.705,118.745,118.26,118.44,12841
2025-07-15 10:05:00,118.32,118.46,117.92,118.14,23282
2025-07-15 10:10:00,118.135,118.25,117.9078,117.94,23342
2025-07-15 10:15:00,118.025,118.3,118.0215,118.1355,19370
2025-07-15 10:20:00,118.14,118.2,117.64,117.66,20173
2025-07-15 10:25:00,117.64,117.66,117.37,117.41,22632
2025-07-15 10:30:00,117.41,117.535,117.09,117.49,22940
2025-07-15 10:35:00,117.565,117.5725,117.1597,117.2,11971
2025-07-15 10:40:00,117.26,117.305,116.93,117.26,46784
2025-07-15 10:45:00,117.2,117.32,116.99,117.135,23698
2025-07-15 10:50:00,117.14,117.16,116.68,116.72,19189
2025-07-15 10:55:00,116.7,116.91,116.51,116.905,38292
2025-07-15 11:00:00,116.84,117.04,116.5,116.75,33051
2025-07-15 11:05:00,116.7,116.92,116.65,116.875,21247
2025-07-15 11:10:00,116.81,116.98,116.62,116.725,22916
2025-07-15 11:15:00,116.7,116.98,116.52,116.87,31764
2025-07-15 11:20:00,116.875,117.245,116.87,117.095,17062
2025-07-15 11:25:00,117.08,117.135,116.88,116.97,31695
2025-07-15 11:30:00,117.1,117.23,116.5,116.684,29528
2025-07-15 11:35:00,116.6,116.68,116.41,116.4475,21715
2025-07-15 11:40:00,116.4625,116.4862,116.12,116.3,43063
2025-07-15 11:45:00,116.19,116.42,116.18,116.34,13474
2025-07-15 11:50:00,116.365,116.385,116.0,116.02,19469
2025-07-15 11:55:00,115.9492,116.02,115.875,116.02,10962
2025-07-15 12:00:00,115.97,116.32,115.97,116.26,11176
2025-07-15 12:05:00,116.26,116.26,115.92,115.92,9041
2025-07-15 12:10:00,115.87,115.9,115.57,115.795,15388
2025-07-15 12:15:00,115.8161,115.99,115.76,115.8,27304
2025-07-15 12:20:00,115.79,115.92,115.71,115.8474,6359
2025-07-15 12:25:00,115.78,115.79,115.33,115.505,16321
2025-07-15 12:30:00,115.4116,115.57,115.41,115.525,15726
2025-07-15 12:35:00,115.4862,115.67,115.41,115.53,10201
2025-07-15 12:40:00,115.57,115.6,115.46,115.57,5703
2025-07-15 12:45:00,115.7,115.7,115.44,115.4595,11099
2025-07-15 12:50:00,115.44,115.47,114.79,114.88,31687
2025-07-15 12:55:00,114.77,115.26,114.77,115.07,28545
2025-07-15 13:00:00,115.19,115.21,114.83,114.83,13091
2025-07-15 13:05:00,114.7844,114.99,114.5163,114.91,21688
2025-07-15 13:10:00,114.9,115.05,114.88,114.89,11497
2025-07-15 13:15:00,114.89,114.9,114.592,114.79,22092
2025-07-15 13:20:00,114.79,114.98,114.7351,114.78,9261
2025-07-15 13:25:00,114.795,114.795,114.4,114.68,15971
2025-07-15 13:30:00,114.65,115.01,114.65,114.971,22596
2025-07-15 13:35:00,114.88,114.97,114.77,114.77,13755
2025-07-15 13:40:00,114.78,114.78,114.4027,114.5,15903
2025-07-15 13:45:00,114.505,114.67,114.4101,114.585,19837
2025-07-15 13:50:00,114.67,114.67,114.48,114.6175,11345
2025-07-15 13:55:00,114.545,114.66,114.51,114.55,7398
2025-07-15 14:00:00,114.51,114.5499,114.26,114.26,14958
2025-07-15 14:05:00,114.24,114.7,114.18,114.51,13976
2025-07-15 14:10:00,114.501,114.72,114.39,114.39,10226
2025-07-15 14:15:00,114.495,114.56,114.13,114.18,11030
2025-07-15 14:20:00,114.2218,114.521,114.2,114.425,14184
2025-07-15 14:25:00,114.4,114.66,114.36,114.59,56222
2025-07-15 14:30:00,114.68,114.93,114.64,114.93,18143
2025-07-15 14:35:00,114.89,115.08,114.86,115.01,14322
2025-07-15 14:40:00,115.0,115.1276,114.84,114.88,27250
2025-07-15 14:45:00,114.92,114.92,114.65,114.66,13193
2025-07-15 14:50:00,114.67,114.85,114.64,114.73,15541
2025-07-15 14:55:00,114.7,114.81,114.537,114.64,17187
2025-07-15 15:00:00,114.58,114.6,114.44,114.54,21943
2025-07-15 15:05:00,114.5325,114.68,114.5325,114.55,18780
2025-07-15 15:10:00,114.5,114.5846,114.46,114.53,16191
2025-07-15 15:15:00,114.48,114.54,114.32,114.54,18916
2025-07-15 15:20:00,114.55,114.71,114.51,114.59,18954
2025-07-15 15:25:00,114.58,114.585,114.41,114.43,18002
2025-07-15 15:30:00,114.44,114.58,114.2154,114.33,30999
2025-07-15 15:35:00,114.43,114.44,114.265,114.39,27174
2025-07-15 15:40:00,114.365,114.3655,114.09,114.34,27630
2025-07-15 15:45:00,114.345,114.52,114.14,114.52,44523
2025-07-15 15:50:00,114.37,114.395,113.93,114.1,80382
2025-07-15 15:55:00,114.105,114.21,113.72,113.8,230678
2025-07-16 09:30:00,114.45,115.32,114.3814,115.17,38957
2025-07-16 09:35:00,115.245,115.55,114.99,115.2434,26485
2025-07-16 09:40:00,115.21,115.33,114.07,114.58,30327
2025-07-16 09:45:00,114.59,114.6,114.2,114.3,10800
2025-07-16 09:50:00,114.26,114.57,114.1,114.48,28176
2025-07-16 09:55:00,114.5148,114.81,114.42,114.53,23631
2025-07-16 10:00:00,114.74,115.0799,114.49,114.99,12987
2025-07-16 10:05:00,115.15,115.8,115.07,115.7855,17536
2025-07-16 10:10:00,115.74,116.03,115.74,116.03,20911
2025-07-16 10:15:00,116.11,116.2838,116.05,116.1966,7051
2025-07-16 10:20:00,116.1974,116.28,115.88,115.88,7947
2025-07-16 10:25:00,115.9,115.9,115.2,115.2,4556
2025-07-16 10:30:00,115.2,115.52,115.2,115.52,4869
2025-07-16 10:35:00,115.46,115.46,115.1156,115.3,8328
2025-07-16 10:40:00,115.19,115.39,115.15,115.39,4550
2025-07-16 10:45:00,115.62,115.75,115.478,115.56,8819
2025-07-16 10:50:00,115.7,115.95,115.265,115.3,17937
2025-07-16 10:55:00,115.335,115.61,115.28,115.28,8083
2025-07-16 11:00:00,115.26,115.48,115.21,115.41,7462
2025-07-16 11:05:00,115.35,115.4444,115.3301,115.44,6407
2025-07-16 11:10:00,115.44,115.67,115.3601,115.58,5814
2025-07-16 11:15:00,115.46,115.54,114.35,114.67,34629
2025-07-16 11:20:00,114.73,114.9899,114.57,114.6,20893
2025-07-16 11:25:00,114.6,114.72,114.25,114.366,26249
2025-07-16 11:30:00,114.39,114.39,113.73,113.73,28409
2025-07-16 11:35:00,113.73,113.83,113.52,113.713,36421
2025-07-16 11:40:00,113.79,114.59,113.79,114.55,16920
2025-07-16 11:45:00,114.62,114.62,114.3262,114.3262,10491
2025-07-16 11:50:00,114.47,114.525,114.28,114.45,10669
2025-07-16 11:55:00,114.43,114.95,114.43,114.8085,107494
2025-07-16 12:00:00,114.71,114.885,114.7,114.75,13477
2025-07-16 12:05:00,114.78,115.22,114.74,115.075,27863
2025-07-16 12:10:00,115.03,115.055,114.66,114.66,12145
2025-07-16 12:15:00,114.725,114.96,114.7219,114.905,19304
2025-07-16 12:20:00,114.91,114.91,114.7577,114.805,10154
2025-07-16 12:25:00,114.8,114.8,114.68,114.79,23994
2025-07-16 12:30:00,114.74,114.985,114.7,114.88,12310
2025-07-16 12:35:00,114.88,115.0,114.84,114.89,13095
2025-07-16 12:40:00,114.89,114.9741,114.82,114.82,12060
2025-07-16 12:45:00,114.81,114.91,114.54,114.79,45970
2025-07-16 12:50:00,114.8,115.29,114.8,115.2,18775
2025-07-16 12:55:00,115.15,115.405,115.1,115.405,7760
2025-07-16 13:00:00,115.365,115.4683,115.16,115.2,11758
2025-07-16 13:05:00,115.2161,115.6,115.2161,115.535,21456
2025-07-16 13:10:00,115.55,115.81,115.5438,115.745,16582
2025-07-16 13:15:00,115.74,115.77,115.58,115.67,14429
2025-07-16 13:20:00,115.72,115.7999,115.6,115.65,17840
2025-07-16 13:25:00,115.58,115.6515,115.45,115.55,10372
2025-07-16 13:30:00,115.535,115.7,115.43,115.65,16551
2025-07-16 13:35:00,115.68,116.15,115.67,116.15,45583
2025-07-16 13:40:00,116.105,116.17,116.03,116.15,6492
2025-07-16 13:45:00,116.135,116.34,116.1,116.265,14321
2025-07-16 13:50:00,116.265,116.31,116.04,116.07,26482
2025-07-16 13:55:00,116.08,116.2,116.03,116.03,9682
2025-07-16 14:00:00,116.01,116.17,115.97,116.165,8229
2025-07-16 14:05:00,116.16,116.3,116.0,116.29,12069
2025-07-16 14:10:00,116.26,116.265,116.07,116.23,11114
2025-07-16 14:15:00,116.2,116.2,116.04,116.04,8562
2025-07-16 14:20:00,116.03,116.25,116.01,116.19,7300
2025-07-16 14:25:00,116.175,116.33,116.175,116.25,8503
2025-07-16 14:30:00,116.235,116.415,116.21,116.415,34927
2025-07-16 14:35:00,116.3,116.64,116.27,116.62,9968
2025-07-16 14:40:00,116.56,116.66,116.49,116.49,30318
2025-07-16 14:45:00,116.49,116.555,116.33,116.43,17111
2025-07-16 14:50:00,116.41,116.55,116.4,116.49,14614
2025-07-16 14:55:00,116.5428,116.56,116.47,116.56,12841
2025-07-16 15:00:00,116.54,116.65,116.5,116.5,19933
2025-07-16 15:05:00,116.48,116.645,116.37,116.595,16625
2025-07-16 15:10:00,116.57,116.6,116.36,116.37,19637
2025-07-16 15:15:00,116.42,116.6,116.35,116.58,19830
2025-07-16 15:20:00,116.52,116.675,116.471,116.625,17339
2025-07-16 15:25:00,116.636,116.83,116.636,116.74,15253
2025-07-16 15:30:00,116.71,116.805,116.53,116.53,33603
2025-07-16 15:35:00,116.535,116.67,116.51,116.58,14446
2025-07-16 15:40:00,116.61,116.755,116.53,116.53,18370
2025-07-16 15:45:00,116.545,116.715,116.48,116.715,32879
2025-07-16 15:50:00,116.68,116.68,116.39,116.55,47594
2025-07-16 15:55:00,116.635,116.79,116.59,116.785,136371
2025-07-17 09:30:00,116.74,117.51,116.61,117.43,17782
2025-07-17 09:35:00,117.5592,117.93,117.254,117.8,6043
2025-07-17 09:40:00,117.89,117.93,117.475,117.85,14622
2025-07-17 09:45:00,117.8,117.8463,117.58,117.69,6978
2025-07-17 09:50:00,117.72,117.72,117.06,117.175,9883
2025-07-17 09:55:00,117.22,117.2375,117.0,117.055,6946
2025-07-17 10:00:00,116.92,117.16,116.77,117.16,24988
2025-07-17 10:05:00,117.3,117.6499,117.28,117.58,11426
2025-07-17 10:10:00,117.71,117.85,117.6,117.78,3112
2025-07-17 10:15:00,117.745,117.745,117.105,117.115,7976
2025-07-17 10:20:00,117.01,117.31,116.88,117.06,7552
2025-07-17 10:25:00,117.0,117.17,116.92,117.0,6208
2025-07-17 10:30:00,116.8897,117.09,116.87,117.09,9356
2025-07-17 10:35:00,117.0,117.0,116.54,116.71,7380
2025-07-17 10:40:00,116.67,116.89,116.67,116.89,7826
2025-07-17 10:45:00,116.8,117.0,116.8,116.99,3128
2025-07-17 10:50:00,116.92,117.52,116.87,117.42,12811
2025-07-17 10:55:00,117.42,117.524,117.17,117.39,20591
2025-07-17 11:00:00,117.39,117.49,117.285,117.47,44933
2025-07-17 11:05:00,117.46,117.89,117.44,117.89,19529
2025-07-17 11:10:00,117.865,118.08,117.67,117.75,32792
2025-07-17 11:15:00,117.6944,117.81,117.49,117.525,22113
2025-07-17 11:20:00,117.555,117.72,117.555,117.64,15034
2025-07-17 11:25:00,117.69,117.72,117.54,117.625,6678
2025-07-17 11:30:00,117.665,117.86,117.665,117.86,5179
2025-07-17 11:35:00,117.85,118.1583,117.836,118.12,10460
2025-07-17 11:40:00,118.1287,118.1699,117.98,118.085,14685
2025-07-17 11:45:00,118.085,118.1065,117.72,117.72,8353
2025-07-17 11:50:00,117.72,118.11,117.72,118.02,15086
2025-07-17 11:55:00,118.03,118.31,118.03,118.22,8377
2025-07-17 12:00:00,118.19,118.28,118.1301,118.24,66122
2025-07-17 12:05:00,118.2175,118.25,118.0572,118.09,10270
2025-07-17 12:10:00,118.13,118.27,118.13,118.24,3388
2025-07-17 12:15:00,118.28,118.29,118.06,118.09,9072
2025-07-17 12:20:00,118.08,118.08,117.86,117.97,29412
2025-07-17 12:25:00,117.93,117.96,117.7633,117.805,6409
2025-07-17 12:30:00,117.8,117.83,117.6482,117.76,12376
2025-07-17 12:35:00,117.795,117.84,117.73,117.78,11437
2025-07-17 12:40:00,117.775,117.99,117.775,117.99,4994
2025-07-17 12:45:00,117.95,117.95,117.5936,117.5936,10082
2025-07-17 12:50:00,117.6,117.86,117.6,117.81,26240
2025-07-17 12:55:00,117.81,117.91,117.785,117.91,2480
2025-07-17 13:00:00,117.94,118.0201,117.915,117.94,3964
2025-07-17 13:05:00,117.94,118.02,117.92,117.95,4319
2025-07-17 13:10:00,117.95,117.95,117.78,117.78,19117
2025-07-17 13:15:00,117.78,117.78,117.67,117.67,7435
2025-07-17 13:20:00,117.62,117.75,117.535,117.67,7408
2025-07-17 13:25:00,117.74,117.89,117.5601,117.78,7092
2025-07-17 13:30:00,117.78,117.84,117.73,117.81,6660
2025-07-17 13:35:00,117.75,118.05,117.75,118.05,5026
2025-07-17 13:40:00,118.01,118.08,117.9821,118.05,5771
2025-07-17 13:45:00,118.1,118.16,118.01,118.07,10529
2025-07-17 13:50:00,118.11,118.16,118.04,118.04,5918
2025-07-17 13:55:00,118.04,118.04,117.87,117.94,14124
2025-07-17 14:00:00,117.91,117.9738,117.85,117.96,6763
2025-07-17 14:05:00,118.04,118.14,118.03,118.09,5324
2025-07-17 14:10:00,118.11,118.2766,118.06,118.06,11219
2025-07-17 14:15:00,118.13,118.23,118.13,118.21,2476
2025-07-17 14:20:00,118.235,118.295,118.17,118.255,9654
2025-07-17 14:25:00,118.25,118.31,118.22,118.29,14066
2025-07-17 14:30:00,118.28,118.3499,118.27,118.32,10098
2025-07-17 14:35:00,118.35,118.35,118.105,118.11,11678
2025-07-17 14:40:00,118.11,118.18,118.07,118.13,4381
2025-07-17 14:45:00,118.19,118.36,118.19,118.26,7375
2025-07-17 14:50:00,118.25,118.303,118.12,118.17,8962
2025-07-17 14:55:00,118.1625,118.1625,117.99,118.085,17493
2025-07-17 15:00:00,118.085,118.2,118.085,118.1,7399
2025-07-17 15:05:00,118.06,118.14,118.01,118.14,11182
2025-07-17 15:10:00,118.1025,118.2,117.97,117.97,14680
2025-07-17 15:15:00,117.99,118.0,117.76,117.77,5371
2025-07-17 15:20:00,117.78,117.895,117.78,117.83,7967
2025-07-17 15:25:00,117.87,117.92,117.8,117.92,6990
2025-07-17 15:30:00,117.93,117.93,117.81,117.82,9180
2025-07-17 15:35:00,117.88,117.97,117.76,117.78,17156
2025-07-17 15:40:00,117.81,117.9164,117.69,117.72,11352
2025-07-17 15:45:00,117.73,117.9,117.725,117.9,16488
2025-07-17 15:50:00,117.85,117.85,117.5,117.645,40646
2025-07-17 15:55:00,117.635,117.705,117.47,117.49,125053
2025-07-18 09:30:00,118.07,118.28,117.72,117.995,15257
2025-07-18 09:35:00,117.9288,117.9288,117.2315,117.9,8724
2025-07-18 09:40:00,117.87,117.94,117.1747,117.505,10598
2025-07-18 09:45:00,117.84,117.84,117.41,117.44,3646
2025-07-18 09:50:00,117.53,117.7177,117.0142,117.0142,4460
2025-07-18 09:55:00,117.22,117.5,117.01,117.315,5998
2025-07-18 10:00:00,117.41,117.62,117.28,117.28,4802
2025-07-18 10:05:00,117.375,117.375,116.8525,116.8525,6435
2025-07-18 10:10:00,116.76,116.99,116.27,116.91,14527
2025-07-18 10:15:00,117.01,117.01,116.56,116.56,6989
2025-07-18 10:20:00,116.31,116.4813,116.07,116.44,3021
2025-07-18 10:25:00,116.115,116.115,115.5001,115.775,4935
2025-07-18 10:30:00,115.77,116.34,115.77,116.33,8284
2025-07-18 10:35:00,116.48,116.55,116.05,116.36,6522
2025-07-18 10:40:00,116.0,116.2256,115.98,116.17,4361
2025-07-18 10:45:00,116.03,116.35,116.0,116.13,3520
2025-07-18 10:50:00,116.15,116.54,116.01,116.44,9605
2025-07-18 10:55:00,116.49,116.49,116.18,116.18,7562
2025-07-18 11:00:00,116.27,116.82,116.27,116.705,8362
2025-07-18 11:05:00,116.715,116.81,116.61,116.61,4504
2025-07-18 11:10:00,116.67,116.67,116.21,116.305,3406
2025-07-18 11:15:00,116.4433,116.47,116.19,116.19,4208
2025-07-18 11:20:00,116.275,116.275,116.0,116.12,3999
2025-07-18 11:25:00,116.195,116.27,116.05,116.145,5672
2025-07-18 11:30:00,116.11,116.17,115.89,115.96,7557
2025-07-18 11:35:00,115.9,116.275,115.81,116.275,10403
2025-07-18 11:40:00,116.275,116.275,116.01,116.23,4098
2025-07-18 11:45:00,116.27,116.42,116.2225,116.36,2498
2025-07-18 11:50:00,116.45,116.8531,116.45,116.775,5463
2025-07-18 11:55:00,116.65,116.65,116.57,116.635,1161
2025-07-18 12:00:00,116.6,116.74,116.41,116.41,8355
2025-07-18 12:05:00,116.32,116.54,116.32,116.365,3623
2025-07-18 12:10:00,116.3,116.4,116.07,116.35,3196
2025-07-18 12:15:00,116.36,116.4125,116.36,116.4125,1093
2025-07-18 12:20:00,116.22,116.2281,115.995,116.005,7506
2025-07-18 12:25:00,115.99,115.99,115.94,115.94,1086
2025-07-18 12:30:00,115.975,115.975,115.68,115.68,7424
2025-07-18 12:35:00,115.69,116.0,115.69,115.96,6174
2025-07-18 12:40:00,115.9674,116.1188,115.8735,116.105,3000
2025-07-18 12:45:00,116.15,116.27,116.0616,116.17,4189
2025-07-18 12:50:00,116.1371,116.23,115.975,116.23,3209
2025-07-18 12:55:00,115.92,115.96,115.76,115.8714,2117
2025-07-18 13:00:00,115.77,115.81,115.71,115.8,5501
2025-07-18 13:05:00,115.88,116.06,115.87,115.9064,12396
2025-07-18 13:10:00,115.91,116.13,115.91,116.13,2193
2025-07-18 13:15:00,116.14,116.29,116.01,116.015,5106
2025-07-18 13:20:00,115.99,115.99,115.75,115.8475,6059
2025-07-18 13:25:00,115.82,115.94,115.82,115.8425,1898
2025-07-18 13:30:00,115.845,116.175,115.72,116.16,14520
2025-07-18 13:35:00,116.18,116.265,116.16,116.16,2143
2025-07-18 13:40:00,116.19,116.51,116.19,116.35,7810
2025-07-18 13:45:00,116.3,116.3,115.9,115.9,5589
2025-07-18 13:50:00,115.9575,116.1099,115.83,115.95,3010
2025-07-18 13:55:00,116.02,116.11,115.915,116.11,5411
2025-07-18 14:00:00,116.11,116.115,115.95,115.975,5437
2025-07-18 14:05:00,116.01,116.16,115.96,116.06,5055
2025-07-18 14:10:00,116.05,116.05,115.96,116.006,2889
2025-07-18 14:15:00,115.96,116.03,115.85,115.96,8390
2025-07-18 14:20:00,116.02,116.18,115.97,116.18,6213
2025-07-18 14:25:00,116.14,116.14,115.96,116.0,4333
2025-07-18 14:30:00,115.985,116.0,115.9,116.0,5016
2025-07-18 14:35:00,115.94,116.02,115.8,115.9558,6986
2025-07-18 14:40:00,115.935,116.15,115.935,116.06,6211
2025-07-18 14:45:00,116.06,116.12,116.0147,116.11,3336
2025-07-18 14:50:00,116.11,116.345,116.11,116.345,4780
2025-07-18 14:55:00,116.35,116.35,116.07,116.1668,9889
2025-07-18 15:00:00,116.26,116.37,116.1965,116.3125,15352
2025-07-18 15:05:00,116.37,116.49,116.345,116.38,6577
2025-07-18 15:10:00,116.39,116.395,116.04,116.3214,12138
2025-07-18 15:15:00,116.325,116.47,116.32,116.34,7016
2025-07-18 15:20:00,116.33,116.6,116.32,116.58,8533
2025-07-18 15:25:00,116.67,116.69,116.51,116.5575,14587
2025-07-18 15:30:00,116.58,116.58,116.48,116.515,5085
2025-07-18 15:35:00,116.515,116.52,116.29,116.37,31222
2025-07-18 15:40:00,116.38,116.525,116.3475,116.525,24673
2025-07-18 15:45:00,116.51,116.83,116.46,116.83,15569
2025-07-18 15:50:00,116.82,116.93,116.77,116.8625,27316
2025-07-18 15:55:00,116.88,117.0,116.82,116.94,93364
2025-07-21 09:30:00,118.27,119.37,117.8,118.825,33331
2025-07-21 09:35:00,118.7038,118.825,117.97,118.5725,17007
2025-07-21 09:40:00,118.505,118.57,118.08,118.155,6844
2025-07-21 09:45:00,118.14,118.23,117.75,117.81,4955
2025-07-21 09:50:00,117.815,118.11,117.785,118.055,15594
2025-07-21 09:55:00,118.29,118.48,118.135,118.275,9152
2025-07-21 10:00:00,118.3,118.9599,118.275,118.77,26638
2025-07-21 10:05:00,118.75,118.7593,118.11,118.11,19205
2025-07-21 10:10:00,117.99,118.38,117.99,118.21,10363
2025-07-21 10:15:00,118.15,118.2175,117.73,118.085,8727
2025-07-21 10:20:00,118.16,118.55,118.09,118.37,5837
2025-07-21 10:25:00,118.68,118.77,118.49,118.49,4108
2025-07-21 10:30:00,118.48,118.56,118.39,118.5,6883
2025-07-21 10:35:00,118.415,118.415,118.06,118.1375,10309
2025-07-21 10:40:00,118.09,118.12,117.72,117.72,12398
2025-07-21 10:45:00,117.76,117.86,117.6054,117.675,8433
2025-07-21 10:50:00,117.56,117.7699,117.33,117.38,8644
2025-07-21 10:55:00,117.38,117.65,117.22,117.65,8359
2025-07-21 11:00:00,117.43,117.6499,117.43,117.6,4112
2025-07-21 11:05:00,117.6499,117.98,117.5,117.94,8726
2025-07-21 11:10:00,117.945,117.95,117.6,117.6,3844
2025-07-21 11:15:00,117.6436,117.65,117.53,117.56,4103
2025-07-21 11:20:00,117.51,117.67,117.51,117.67,6313
2025-07-21 11:25:00,117.56,117.665,117.45,117.585,5133
2025-07-21 11:30:00,117.6,117.9,117.6,117.865,5471
2025-07-21 11:35:00,117.87,117.92,117.84,117.92,3441
2025-07-21 11:40:00,117.91,117.91,117.4,117.64,6943
2025-07-21 11:45:00,117.69,117.755,117.48,117.54,6764
2025-07-21 11:50:00,117.455,117.51,117.37,117.485,3758
2025-07-21 11:55:00,117.4252,117.63,117.3501,117.52,3644
2025-07-21 12:00:00,117.67,117.67,117.4,117.48,3992
2025-07-21 12:05:00,117.53,117.728,117.465,117.728,6760
2025-07-21 12:10:00,117.6,117.7899,117.6,117.78,8362
2025-07-21 12:15:00,117.78,118.0,117.62,118.0,9995
2025-07-21 12:20:00,117.92,118.0,117.65,117.73,9216
2025-07-21 12:25:00,117.79,117.79,117.35,117.35,5918
2025-07-21 12:30:00,117.34,117.46,117.32,117.3225,4801
2025-07-21 12:35:00,117.25,117.4568,117.22,117.37,2546
2025-07-21 12:40:00,117.355,117.55,117.355,117.38,3273
2025-07-21 12:45:00,117.32,117.45,117.32,117.45,1831
2025-07-21 12:50:00,117.48,117.6,117.32,117.435,5084
2025-07-21 12:55:00,117.54,117.54,117.45,117.47,2657
2025-07-21 13:00:00,117.43,117.5,117.375,117.5,2259
2025-07-21 13:05:00,117.4899,117.51,117.35,117.46,7080
2025-07-21 13:10:00,117.51,117.58,117.42,117.42,2616
2025-07-21 13:15:00,117.4,117.4,117.27,117.37,6221
2025-07-21 13:20:00,117.43,117.49,117.15,117.26,14076
2025-07-21 13:25:00,117.21,117.55,117.1925,117.385,6767
2025-07-21 13:30:00,117.34,117.4228,117.245,117.3,6193
2025-07-21 13:35:00,117.32,117.51,117.32,117.51,7266
2025-07-21 13:40:00,117.51,117.51,117.41,117.44,4497
2025-07-21 13:45:00,117.43,117.43,117.325,117.38,9066
2025-07-21 13:50:00,117.32,117.42,117.305,117.39,3627
2025-07-21 13:55:00,117.465,117.47,117.41,117.415,2266
2025-07-21 14:00:00,117.415,117.67,117.415,117.67,7264
2025-07-21 14:05:00,117.57,117.65,117.56,117.6,3057
2025-07-21 14:10:00,117.565,117.725,117.44,117.725,9202
2025-07-21 14:15:00,117.65,117.74,117.65,117.71,1678
2025-07-21 14:20:00,117.65,117.7,117.6,117.7,6742
2025-07-21 14:25:00,117.66,117.77,117.66,117.77,1742
2025-07-21 14:30:00,117.72,117.81,117.7136,117.77,4729
2025-07-21 14:35:00,117.77,117.88,117.72,117.83,8838
2025-07-21 14:40:00,117.77,117.77,117.55,117.655,5038
2025-07-21 14:45:00,117.7093,117.7093,117.57,117.57,3599
2025-07-21 14:50:00,117.57,117.65,117.4998,117.65,6788
2025-07-21 14:55:00,117.57,117.57,117.47,117.47,4856
2025-07-21 15:00:00,117.515,117.515,117.41,117.47,12894
2025-07-21 15:05:00,117.465,117.47,117.22,117.22,7667
2025-07-21 15:10:00,117.22,117.29,117.01,117.24,10696
2025-07-21 15:15:00,117.19,117.31,117.17,117.17,5856
2025-07-21 15:20:00,117.1,117.135,116.97,117.04,10594
2025-07-21 15:25:00,117.0,117.0,116.8,116.885,7486
2025-07-21 15:30:00,116.875,116.93,116.6315,116.74,25981
2025-07-21 15:35:00,116.74,116.76,116.6,116.69,15352
2025-07-21 15:40:00,116.69,116.76,116.53,116.555,15099
2025-07-21 15:45:00,116.555,116.69,116.54,116.6,19895
2025-07-21 15:50:00,116.57,116.765,116.57,116.6,26369
2025-07-21 15:55:00,116.63,116.73,116.56,116.69,91655
2025-07-22 09:30:00,121.65,123.35,121.0,122.556,122150
2025-07-22 09:35:00,122.9,123.26,122.269,122.95,44161
2025-07-22 09:40:00,122.8,123.26,122.05,122.63,24621
2025-07-22 09:45:00,122.515,122.9,122.06,122.1948,20939
2025-07-22 09:50:00,122.1804,122.98,122.1804,122.735,25647
2025-07-22 09:55:00,122.87,123.38,122.7468,122.87,41629
2025-07-22 10:00:00,122.87,123.24,122.481,123.24,33935
2025-07-22 10:05:00,123.08,123.38,122.7375,123.13,26797
2025-07-22 10:10:00,122.9384,123.125,121.95,122.56,34926
2025-07-22 10:15:00,122.49,123.0899,122.47,122.88,25087
2025-07-22 10:20:00,122.9925,123.79,122.87,123.65,23585
2025-07-22 10:25:00,123.62,123.66,123.18,123.6,14160
2025-07-22 10:30:00,123.3,123.33,122.9562,123.095,32780
2025-07-22 10:35:00,123.0975,123.62,123.0975,123.5425,26068
2025-07-22 10:40:00,123.36,123.425,122.9,123.08,46942
2025-07-22 10:45:00,123.07,123.74,123.02,123.74,19560
2025-07-22 10:50:00,123.54,123.97,123.17,123.44,18757
2025-07-22 10:55:00,123.35,124.175,123.35,123.98,28885
2025-07-22 11:00:00,123.97,124.16,123.6,123.72,29489
2025-07-22 11:05:00,123.76,123.91,123.49,123.87,33785
2025-07-22 11:10:00,123.9,124.075,123.81,124.06,20852
2025-07-22 11:15:00,123.96,124.3,123.785,124.02,50440
2025-07-22 11:20:00,123.97,124.13,123.88,124.08,26815
2025-07-22 11:25:00,124.13,124.58,124.085,124.44,30459
2025-07-22 11:30:00,124.48,124.485,124.182,124.4,18292
2025-07-22 11:35:00,124.41,124.7,124.2575,124.42,28249
2025-07-22 11:40:00,124.35,124.42,124.05,124.42,13370
2025-07-22 11:45:00,124.42,124.9,124.42,124.87,21031
2025-07-22 11:50:00,124.9,125.0,124.59,124.67,32641
2025-07-22 11:55:00,124.7,124.9945,124.63,124.9945,21266
2025-07-22 12:00:00,124.95,125.22,124.84,124.88,38036
2025-07-22 12:05:00,124.845,125.04,124.821,124.96,11104
2025-07-22 12:10:00,124.86,124.87,124.62,124.83,21162
2025-07-22 12:15:00,124.7825,125.025,124.7,124.85,29398
2025-07-22 12:20:00,124.85,125.11,124.79,124.9525,24745
2025-07-22 12:25:00,124.92,125.08,124.79,125.08,19035
2025-07-22 12:30:00,125.07,125.14,124.94,124.965,32788
2025-07-22 12:35:00,125.0,125.1287,124.92,124.95,14894
2025-07-22 12:40:00,124.95,125.01,124.76,124.885,30524
2025-07-22 12:45:00,124.76,125.26,124.76,125.155,23943
2025-07-22 12:50:00,125.18,125.59,125.18,125.58,17467
2025-07-22 12:55:00,125.6019,125.85,125.34,125.4,33275
2025-07-22 13:00:00,125.39,125.93,125.31,125.715,36186
2025-07-22 13:05:00,125.715,125.99,125.59,125.83,26304
2025-07-22 13:10:00,125.86,126.055,125.73,125.925,22201
2025-07-22 13:15:00,125.93,126.12,125.8716,125.8716,25875
2025-07-22 13:20:00,125.925,126.24,125.8855,126.24,18674
2025-07-22 13:25:00,126.1791,126.44,126.14,126.3937,23715
2025-07-22 13:30:00,126.43,126.4986,126.27,126.46,17776
2025-07-22 13:35:00,126.4,126.48,126.02,126.13,20168
2025-07-22 13:40:00,126.01,126.13,125.73,125.86,16812
2025-07-22 13:45:00,125.86,125.96,125.6701,125.71,10453
2025-07-22 13:50:00,125.8161,125.85,125.71,125.72,9076
2025-07-22 13:55:00,125.71,126.12,125.62,126.04,21554
2025-07-22 14:00:00,126.04,126.3398,125.95,126.3,15086
2025-07-22 14:05:00,126.33,126.45,126.24,126.31,37357
2025-07-22 14:10:00,126.31,126.65,126.24,126.61,18937
2025-07-22 14:15:00,126.53,126.78,126.43,126.4725,26956
2025-07-22 14:20:00,126.53,126.71,126.44,126.44,28114
2025-07-22 14:25:00,126.445,126.52,126.3051,126.375,24520
2025-07-22 14:30:00,126.3843,126.785,126.375,126.78,32871
2025-07-22 14:35:00,126.77,126.95,126.7,126.8194,48906
2025-07-22 14:40:00,126.86,127.08,126.605,126.63,41767
2025-07-22 14:45:00,126.6972,126.9,126.56,126.785,17020
2025-07-22 14:50:00,126.785,126.99,126.75,126.78,19767
2025-07-22 14:55:00,126.81,126.82,126.53,126.74,27362
2025-07-22 15:00:00,126.71,126.85,126.3844,126.39,40538
2025-07-22 15:05:00,126.38,126.55,126.31,126.45,23637
2025-07-22 15:10:00,126.43,126.74,126.43,126.735,20504
2025-07-22 15:15:00,126.76,126.81,126.52,126.565,41002
2025-07-22 15:20:00,126.5,126.8,126.45,126.77,26742
2025-07-22 15:25:00,126.775,126.87,126.625,126.82,26980
2025-07-22 15:30:00,126.79,126.89,126.74,126.85,25003
2025-07-22 15:35:00,126.845,127.15,126.8275,127.12,32545
2025-07-22 15:40:00,127.1212,127.225,127.02,127.02,54949
2025-07-22 15:45:00,127.06,127.16,126.81,126.915,57599
2025-07-22 15:50:00,126.93,127.25,126.86,126.93,89968
2025-07-22 15:55:00,126.91,127.1,126.54,126.62,277924
2025-07-23 09:30:00,129.06,129.06,126.94,127.48,47876
2025-07-23 09:35:00,127.05,127.2599,125.79,127.03,35450
2025-07-23 09:40:00,126.83,127.46,126.685,127.165,27082
2025-07-23 09:45:00,127.26,127.26,126.25,126.54,36946
2025-07-23 09:50:00,126.5017,126.68,126.01,126.02,21538
2025-07-23 09:55:00,126.225,126.225,125.84,126.02,22022
2025-07-23 10:00:00,126.0765,126.595,125.93,126.515,37371
2025-07-23 10:05:00,126.54,126.75,126.3046,126.75,24737
2025-07-23 10:10:00,126.78,126.845,126.166,126.48,28911
2025-07-23 10:15:00,126.38,126.7299,125.92,126.6325,16840
2025-07-23 10:20:00,126.55,126.55,125.8779,126.0175,14669
2025-07-23 10:25:00,126.24,126.335,126.0022,126.28,11266
2025-07-23 10:30:00,126.28,126.5099,125.86,125.9825,24624
2025-07-23 10:35:00,126.1116,126.49,125.93,126.41,15243
2025-07-23 10:40:00,126.39,126.5872,125.86,126.115,12171
2025-07-23 10:45:00,126.12,126.56,126.105,126.33,9895
2025-07-23 10:50:00,126.27,126.62,126.2,126.58,10652
2025-07-23 10:55:00,126.4101,126.675,126.28,126.48,11918
2025-07-23 11:00:00,126.53,127.07,126.52,127.07,24661
2025-07-23 11:05:00,126.95,127.16,126.6776,126.776,14680
2025-07-23 11:10:00,126.65,127.1959,126.62,127.1959,10424
2025-07-23 11:15:00,127.0,127.12,126.847,126.875,16335
2025-07-23 11:20:00,126.85,126.89,126.62,126.76,8623
2025-07-23 11:25:00,126.7475,126.84,126.7,126.7788,5122
2025-07-23 11:30:00,126.7291,126.7291,126.35,126.47,8635
2025-07-23 11:35:00,126.47,126.6,126.47,126.545,5331
2025-07-23 11:40:00,126.54,126.6,126.39,126.52,7690
2025-07-23 11:45:00,126.5275,126.77,126.52,126.58,11442
2025-07-23 11:50:00,126.64,126.69,126.345,126.54,17376
2025-07-23 11:55:00,126.61,127.3799,126.41,127.09,30256
2025-07-23 12:00:00,127.08,127.35,126.96,127.35,6658
2025-07-23 12:05:00,127.2144,127.57,127.1,127.1,18270
2025-07-23 12:10:00,127.05,127.2999,127.0,127.2999,11148
2025-07-23 12:15:00,127.14,127.26,127.01,127.22,9723
2025-07-23 12:20:00,127.27,127.3,127.11,127.11,8735
2025-07-23 12:25:00,127.17,127.4,127.1,127.33,4669
2025-07-23 12:30:00,127.32,127.32,126.94,126.945,14057
2025-07-23 12:35:00,127.0,127.08,126.95,127.004,4796
2025-07-23 12:40:00,127.01,127.09,126.89,127.08,7238
2025-07-23 12:45:00,126.9975,127.21,126.9975,127.1,11267
2025-07-23 12:50:00,127.1124,127.115,126.95,126.96,5748
2025-07-23 12:55:00,127.005,127.12,126.92,127.02,6587
2025-07-23 13:00:00,127.12,127.22,126.87,127.22,11909
2025-07-23 13:05:00,127.17,127.23,127.1,127.13,7081
2025-07-23 13:10:00,127.145,127.1525,127.035,127.12,7941
2025-07-23 13:15:00,127.12,127.26,127.024,127.0791,13897
2025-07-23 13:20:00,127.045,127.2,127.045,127.2,2487
2025-07-23 13:25:00,127.25,127.5038,127.1837,127.44,18151
2025-07-23 13:30:00,127.45,127.7,127.37,127.46,31359
2025-07-23 13:35:00,127.51,127.66,127.39,127.66,7094
2025-07-23 13:40:00,127.655,127.67,127.5425,127.561,9360
2025-07-23 13:45:00,127.57,127.605,127.45,127.5,10737
2025-07-23 13:50:00,127.55,127.65,127.17,127.464,16342
2025-07-23 13:55:00,127.495,127.495,127.09,127.2,15381
2025-07-23 14:00:00,127.25,127.318,126.99,127.14,10720
2025-07-23 14:05:00,127.02,127.45,126.9781,127.33,13340
2025-07-23 14:10:00,127.335,127.62,127.3,127.3675,12441
2025-07-23 14:15:00,127.325,127.51,127.12,127.42,34280
2025-07-23 14:20:00,127.365,127.475,127.125,127.23,25561
2025-07-23 14:25:00,127.23,127.34,127.23,127.338,4771
2025-07-23 14:30:00,127.26,127.37,127.0,127.105,18780
2025-07-23 14:35:00,127.1,127.1595,126.9505,127.13,12502
2025-07-23 14:40:00,127.14,127.3,127.1,127.245,11873
2025-07-23 14:45:00,127.19,127.2789,126.87,126.93,23835
2025-07-23 14:50:00,126.9,127.02,126.8532,126.96,13077
2025-07-23 14:55:00,126.94,126.94,126.51,126.57,24349
2025-07-23 15:00:00,126.59,126.73,126.55,126.67,17585
2025-07-23 15:05:00,126.66,126.765,126.65,126.72,12974
2025-07-23 15:10:00,126.73,126.86,126.64,126.84,22733
2025-07-23 15:15:00,126.81,126.84,126.65,126.775,16523
2025-07-23 15:20:00,126.74,126.76,126.39,126.3931,21455
2025-07-23 15:25:00,126.46,126.62,126.34,126.445,36682
2025-07-23 15:30:00,126.39,126.45,126.075,126.1247,32705
2025-07-23 15:35:00,126.11,126.44,126.11,126.4,51157
2025-07-23 15:40:00,126.4,126.53,126.18,126.27,36692
2025-07-23 15:45:00,126.2775,126.495,126.23,126.405,86103
2025-07-23 15:50:00,126.35,126.76,126.35,126.715,79861
2025-07-23 15:55:00,126.69,126.88,126.63,126.72,175164
2025-07-24 09:30:00,125.98,126.2663,125.1,126.0013,24414
2025-07-24 09:35:00,125.78,126.39,125.625,126.288,7412
2025-07-24 09:40:00,126.37,126.5383,125.57,126.0541,22146
2025-07-24 09:45:00,126.16,126.16,125.89,126.04,6109
2025-07-24 09:50:00,126.035,126.16,125.535,125.81,22039
2025-07-24 09:55:00,125.7,125.71,125.1401,125.5172,22689
2025-07-24 10:00:00,125.64,125.88,125.36,125.37,17823
2025-07-24 10:05:00,125.39,125.39,124.93,125.3278,19207
2025-07-24 10:10:00,125.3875,125.885,125.375,125.375,22461
2025-07-24 10:15:00,125.42,125.46,125.185,125.285,5689
2025-07-24 10:20:00,125.46,125.65,125.374,125.49,23273
2025-07-24 10:25:00,125.44,125.87,125.39,125.7368,12517
2025-07-24 10:30:00,125.86,126.0,125.535,125.81,10083
2025-07-24 10:35:00,125.91,125.98,125.6976,125.715,2934
2025-07-24 10:40:00,125.7482,125.83,125.69,125.72,4315
2025-07-24 10:45:00,125.66,125.66,125.54,125.61,7893
2025-07-24 10:50:00,125.58,125.63,125.3,125.3,6452
2025-07-24 10:55:00,125.24,125.3799,125.06,125.26,13601
2025-07-24 11:00:00,125.16,125.18,123.87,123.87,19254
2025-07-24 11:05:00,123.84,124.03,123.5,123.95,94488
2025-07-24 11:10:00,124.0101,124.13,123.6,123.6175,12702
2025-07-24 11:15:00,123.9251,123.9251,123.18,123.2,14765
2025-07-24 11:20:00,123.3,123.4799,123.17,123.295,11051
2025-07-24 11:25:00,123.14,123.315,122.55,123.315,53519
2025-07-24 11:30:00,123.3,123.54,123.28,123.34,17875
2025-07-24 11:35:00,123.395,123.4725,123.23,123.425,15348
2025-07-24 11:40:00,123.4,123.9788,123.395,123.705,22719
2025-07-24 11:45:00,123.61,123.89,123.58,123.68,17897
2025-07-24 11:50:00,123.695,123.98,123.6836,123.9496,48103
2025-07-24 11:55:00,123.96,124.25,123.74,123.74,72588
2025-07-24 12:00:00,123.74,123.74,123.25,123.4,10487
2025-07-24 12:05:00,123.4,123.53,123.24,123.365,32574
2025-07-24 12:10:00,123.345,123.345,122.97,123.15,5514
2025-07-24 12:15:00,123.04,123.42,123.04,123.4176,13423
2025-07-24 12:20:00,123.25,123.401,123.1,123.23,9046
2025-07-24 12:25:00,123.255,123.27,123.07,123.25,10456
2025-07-24 12:30:00,123.25,123.39,123.165,123.165,7911
2025-07-24 12:35:00,123.27,123.27,122.94,123.085,10341
2025-07-24 12:40:00,123.08,123.12,122.865,123.03,14248
2025-07-24 12:45:00,123.01,123.072,122.7,122.71,9905
2025-07-24 12:50:00,122.9,122.96,122.695,122.89,18731
2025-07-24 12:55:00,122.895,122.895,122.59,122.68,10446
2025-07-24 13:00:00,122.65,122.7,122.5,122.65,16588
2025-07-24 13:05:00,122.74,122.91,122.655,122.91,8063
2025-07-24 13:10:00,122.815,123.07,122.78,122.935,6559
2025-07-24 13:15:00,122.945,122.96,122.85,122.8902,5139
2025-07-24 13:20:00,122.985,123.09,122.845,123.015,13994
2025-07-24 13:25:00,123.015,123.02,122.8001,122.815,10286
2025-07-24 13:30:00,122.935,123.05,122.88,122.99,9391
2025-07-24 13:35:00,123.0036,123.1,122.89,122.998,8894
2025-07-24 13:40:00,122.93,123.18,122.93,123.18,7064
2025-07-24 13:45:00,123.085,123.13,123.035,123.13,2540
2025-07-24 13:50:00,123.14,123.155,122.95,122.96,4838
2025-07-24 13:55:00,123.11,123.11,122.95,123.025,12305
2025-07-24 14:00:00,123.02,123.08,122.89,123.01,27925
2025-07-24 14:05:00,122.94,122.94,122.59,122.85,5404
2025-07-24 14:10:00,122.84,123.08,122.83,122.999,12538
2025-07-24 14:15:00,122.94,122.9923,122.81,122.81,10844
2025-07-24 14:20:00,122.8,122.82,122.65,122.76,13227
2025-07-24 14:25:00,122.79,122.92,122.65,122.65,23049
2025-07-24 14:30:00,122.6,122.64,122.24,122.37,31063
2025-07-24 14:35:00,122.33,122.64,122.33,122.5,19573
2025-07-24 14:40:00,122.52,122.53,122.265,122.31,18108
2025-07-24 14:45:00,122.31,122.41,122.15,122.395,22843
2025-07-24 14:50:00,122.44,122.485,122.23,122.35,13423
2025-07-24 14:55:00,122.32,122.38,122.18,122.23,19749
2025-07-24 15:00:00,122.23,122.23,121.9,122.05,23477
2025-07-24 15:05:00,122.05,122.14,121.83,122.14,26504
2025-07-24 15:10:00,122.2199,122.34,122.12,122.29,12941
2025-07-24 15:15:00,122.305,122.3486,122.02,122.27,24924
2025-07-24 15:20:00,122.31,122.33,122.1,122.17,13192
2025-07-24 15:25:00,122.148,122.41,122.1,122.4,15678
2025-07-24 15:30:00,122.42,122.525,122.21,122.485,20720
2025-07-24 15:35:00,122.53,122.6,122.41,122.495,17912
2025-07-24 15:40:00,122.47,122.64,122.42,122.46,25197
2025-07-24 15:45:00,122.472,122.59,122.29,122.51,31228
2025-07-24 15:50:00,122.5,122.68,122.37,122.58,35186
2025-07-24 15:55:00,122.6,122.83,122.48,122.51,131627
2025-07-25 09:30:00,123.29,123.5524,122.81,123.05,12620
2025-07-25 09:35:00,123.1,123.53,123.0,123.12,4324
2025-07-25 09:40:00,123.17,123.5148,122.2201,122.68,6912
2025-07-25 09:45:00,122.3001,122.67,122.16,122.16,11764
2025-07-25 09:50:00,122.16,122.2,121.82,121.82,7587
2025-07-25 09:55:00,121.82,122.293,121.68,122.293,11905
2025-07-25 10:00:00,122.3899,122.8089,121.6,121.855,18986
2025-07-25 10:05:00,121.65,122.39,121.65,122.28,6716
2025-07-25 10:10:00,122.3,122.3,122.0,122.13,5426
2025-07-25 10:15:00,121.93,122.1799,121.93,122.09,7246
2025-07-25 10:20:00,121.9736,122.09,121.64,121.7,9011
2025-07-25 10:25:00,121.7,122.06,121.6,121.6,9512
2025-07-25 10:30:00,121.7,122.1,121.69,122.03,5435
2025-07-25 10:35:00,121.95,122.025,121.82,121.82,3819
2025-07-25 10:40:00,121.95,122.0,121.81,121.8194,3691
2025-07-25 10:45:00,121.8,122.0,121.76,121.76,8984
2025-07-25 10:50:00,121.855,122.11,121.8361,122.11,17123
2025-07-25 10:55:00,122.085,122.27,121.7,121.84,11183
2025-07-25 11:00:00,121.93,122.26,121.92,122.02,8431
2025-07-25 11:05:00,122.09,122.27,122.08,122.23,6403
2025-07-25 11:10:00,122.15,122.17,122.015,122.1,2343
2025-07-25 11:15:00,122.11,122.11,121.84,121.84,6097
2025-07-25 11:20:00,121.8,121.98,121.69,121.96,4607
2025-07-25 11:25:00,121.99,122.05,121.8,121.82,12617
2025-07-25 11:30:00,121.915,121.92,121.58,121.72,7142
2025-07-25 11:35:00,121.73,121.73,121.64,121.65,3604
2025-07-25 11:40:00,121.633,121.76,121.54,121.54,11615
2025-07-25 11:45:00,121.5,121.655,121.5,121.655,4173
2025-07-25 11:50:00,121.655,121.82,121.655,121.82,3400
2025-07-25 11:55:00,121.71,121.8,121.6876,121.8,3297
2025-07-25 12:00:00,121.92,121.92,121.59,121.59,6727
2025-07-25 12:05:00,121.51,121.62,121.42,121.48,15323
2025-07-25 12:10:00,121.48,121.9799,121.48,121.9799,15929
2025-07-25 12:15:00,121.69,121.69,121.495,121.505,3356
2025-07-25 12:20:00,121.54,121.595,121.49,121.53,9449
2025-07-25 12:25:00,121.545,121.72,121.54,121.6247,7281
2025-07-25 12:30:00,121.69,121.84,121.6,121.84,3893
2025-07-25 12:35:00,121.775,121.81,121.65,121.71,18378
2025-07-25 12:40:00,121.77,122.05,121.76,121.935,25773
2025-07-25 12:45:00,121.88,121.8802,121.8,121.8,2578
2025-07-25 12:50:00,121.8825,121.8825,121.73,121.76,2669
2025-07-25 12:55:00,121.745,121.9,121.65,121.7,47042
2025-07-25 13:00:00,121.81,122.1,121.75,122.05,50463
2025-07-25 13:05:00,122.025,122.07,121.86,121.86,6762
2025-07-25 13:10:00,121.886,122.065,121.886,122.02,9038
2025-07-25 13:15:00,122.1,122.1,121.97,122.015,3945
2025-07-25 13:20:00,122.015,122.11,121.9,122.1,3156
2025-07-25 13:25:00,122.11,122.3,122.01,122.3,6190
2025-07-25 13:30:00,122.19,122.36,122.19,122.34,2098
2025-07-25 13:35:00,122.3,122.375,122.14,122.14,7915
2025-07-25 13:40:00,122.3,122.36,122.17,122.27,2013
2025-07-25 13:45:00,122.27,122.27,122.1988,122.1988,649
2025-07-25 13:50:00,122.36,122.45,122.315,122.3301,4973
2025-07-25 13:55:00,122.34,122.49,122.34,122.49,1254
2025-07-25 14:00:00,122.34,122.54,122.33,122.54,2667
2025-07-25 14:05:00,122.55,122.69,122.4955,122.56,6268
2025-07-25 14:10:00,122.54,122.5999,122.34,122.455,4304
2025-07-25 14:15:00,122.5,122.625,122.5,122.625,2246
2025-07-25 14:20:00,122.48,122.6672,122.45,122.535,9810
2025-07-25 14:25:00,122.48,122.65,122.48,122.585,1224
2025-07-25 14:30:00,122.585,122.8,122.5826,122.73,13315
2025-07-25 14:35:00,122.69,122.865,122.61,122.865,5850
2025-07-25 14:40:00,122.78,122.9478,122.57,122.58,4487
2025-07-25 14:45:00,122.615,122.76,122.615,122.73,6842
2025-07-25 14:50:00,122.71,122.71,122.46,122.6254,6379
2025-07-25 14:55:00,122.56,122.7,122.54,122.7,5419
2025-07-25 15:00:00,122.69,122.79,122.66,122.695,7624
2025-07-25 15:05:00,122.675,122.7151,122.61,122.66,5204
2025-07-25 15:10:00,122.7,122.945,122.7,122.945,6312
2025-07-25 15:15:00,122.9302,122.9302,122.82,122.8343,5209
2025-07-25 15:20:00,122.865,122.91,122.7509,122.845,6407
2025-07-25 15:25:00,122.8,122.97,122.8,122.945,5343
2025-07-25 15:30:00,122.9,122.9,122.81,122.8318,9516
2025-07-25 15:35:00,122.83,123.0,122.8,123.0,9185
2025-07-25 15:40:00,122.95,123.01,122.86,122.875,10840
2025-07-25 15:45:00,122.89,123.055,122.8,123.0,17782
2025-07-25 15:50:00,122.96,123.16,122.95,123.05,28189
2025-07-25 15:55:00,123.04,123.21,122.97,123.04,85391
2025-07-28 09:30:00,122.64,122.84,122.0,122.39,22238
2025-07-28 09:35:00,122.09,122.53,122.0,122.255,10340
2025-07-28 09:40:00,122.255,122.51,122.07,122.45,6350
2025-07-28 09:45:00,122.48,122.58,121.92,122.035,12872
2025-07-28 09:50:00,122.06,122.26,121.54,121.73,15795
2025-07-28 09:55:00,121.72,121.999,121.5,121.875,7558
2025-07-28 10:00:00,121.99,122.43,121.99,122.39,5192
2025-07-28 10:05:00,122.56,122.9,122.53,122.57,14533
2025-07-28 10:10:00,122.67,122.705,122.52,122.53,1794
2025-07-28 10:15:00,122.64,123.0,122.6,122.83,14093
2025-07-28 10:20:00,122.825,122.825,122.5,122.5,4001
2025-07-28 10:25:00,122.53,122.79,122.26,122.725,6599
2025-07-28 10:30:00,122.725,123.03,122.72,122.8756,8452
2025-07-28 10:35:00,122.86,123.2602,122.86,123.125,9515
2025-07-28 10:40:00,122.96,123.4,122.96,123.38,10583
2025-07-28 10:45:00,123.2852,123.37,123.24,123.24,6798
2025-07-28 10:50:00,123.3,123.36,123.25,123.25,4582
2025-07-28 10:55:00,123.25,123.31,123.13,123.31,15795
2025-07-28 11:00:00,123.2825,123.71,123.2,123.71,10465
2025-07-28 11:05:00,123.6,123.76,123.6,123.745,6694
2025-07-28 11:10:00,123.745,123.81,123.59,123.755,6241
2025-07-28 11:15:00,123.87,123.87,123.66,123.87,3403
2025-07-28 11:20:00,123.815,123.89,123.74,123.755,8152
2025-07-28 11:25:00,123.755,123.755,123.32,123.6,7900
2025-07-28 11:30:00,123.6462,123.6462,123.34,123.4029,3368
2025-07-28 11:35:00,123.485,123.75,123.485,123.635,5044
2025-07-28 11:40:00,123.61,123.88,123.5,123.88,3262
2025-07-28 11:45:00,123.885,123.99,123.75,123.835,3652
2025-07-28 11:50:00,123.93,123.96,123.83,123.96,4815
2025-07-28 11:55:00,123.8924,123.97,123.8924,123.918,5851
2025-07-28 12:00:00,123.92,123.97,123.76,123.9642,6172
2025-07-28 12:05:00,124.05,124.28,123.96,124.08,5238
2025-07-28 12:10:00,124.08,124.25,124.08,124.145,5324
2025-07-28 12:15:00,124.1425,124.37,124.1425,124.36,7954
2025-07-28 12:20:00,124.275,124.39,124.18,124.18,16030
2025-07-28 12:25:00,124.105,124.23,124.0335,124.155,3748
2025-07-28 12:30:00,124.155,124.19,124.05,124.19,1814
2025-07-28 12:35:00,124.105,124.105,123.7979,123.9,6661
2025-07-28 12:40:00,123.905,123.98,123.71,123.71,9840
2025-07-28 12:45:00,123.775,123.775,123.48,123.56,3756
2025-07-28 12:50:00,123.555,123.9,123.555,123.89,9305
2025-07-28 12:55:00,123.87,123.8877,123.785,123.785,3040
2025-07-28 13:00:00,123.84,124.03,123.69,123.785,16528
2025-07-28 13:05:00,123.8175,123.8175,123.42,123.66,10434
2025-07-28 13:10:00,123.585,123.7199,123.53,123.7199,2349
2025-07-28 13:15:00,123.568,123.585,123.36,123.36,6308
2025-07-28 13:20:00,123.34,123.37,122.91,123.0125,7458
2025-07-28 13:25:00,123.005,123.0887,122.87,123.0887,3022
2025-07-28 13:30:00,123.015,123.1922,122.975,123.1922,4930
2025-07-28 13:35:00,123.22,123.27,123.05,123.21,6971
2025-07-28 13:40:00,123.2,123.2,123.14,123.1528,5275
2025-07-28 13:45:00,123.15,123.28,123.08,123.23,5485
2025-07-28 13:50:00,123.2,123.25,123.15,123.175,6557
2025-07-28 13:55:00,123.165,123.165,122.94,123.03,5399
2025-07-28 14:00:00,122.94,122.975,122.8,122.845,6863
2025-07-28 14:05:00,122.845,122.9,122.65,122.82,7421
2025-07-28 14:10:00,122.95,122.99,122.84,122.925,5832
2025-07-28 14:15:00,122.925,122.95,122.84,122.84,1921
2025-07-28 14:20:00,122.95,123.03,122.84,123.03,2733
2025-07-28 14:25:00,122.96,123.055,122.95,123.05,5631
2025-07-28 14:30:00,123.045,123.14,123.04,123.1198,9215
2025-07-28 14:35:00,123.115,123.21,123.07,123.165,8528
2025-07-28 14:40:00,123.165,123.165,123.07,123.12,8937
2025-07-28 14:45:00,123.06,123.06,122.91,122.96,6857
2025-07-28 14:50:00,122.98,122.98,122.7755,122.845,8705
2025-07-28 14:55:00,122.82,122.82,122.715,122.77,5117
2025-07-28 15:00:00,122.765,122.94,122.765,122.93,9685
2025-07-28 15:05:00,122.915,122.915,122.79,122.83,8408
2025-07-28 15:10:00,122.85,122.95,122.8184,122.94,8320
2025-07-28 15:15:00,122.915,122.94,122.84,122.93,9189
2025-07-28 15:20:00,122.915,122.95,122.84,122.905,11038
2025-07-28 15:25:00,122.885,123.05,122.87,123.03,14803
2025-07-28 15:30:00,123.04,123.06,122.97,122.97,13796
2025-07-28 15:35:00,122.97,123.021,122.92,122.93,23945
2025-07-28 15:40:00,122.93,123.1,122.88,123.08,18702
2025-07-28 15:45:00,123.11,123.2,123.035,123.0975,31672
2025-07-28 15:50:00,123.055,123.405,123.035,123.39,32819
2025-07-28 15:55:00,123.395,123.605,123.26,123.28,139301
2025-07-29 09:30:00,123.48,123.6196,123.0194,123.0194,8655
2025-07-29 09:35:00,123.075,123.84,123.075,123.13,5428
2025-07-29 09:40:00,123.28,124.15,123.28,123.425,16771
2025-07-29 09:45:00,123.475,123.63,123.15,123.34,10394
2025-07-29 09:50:00,123.0501,123.5665,123.0501,123.24,6376
2025-07-29 09:55:00,123.32,123.61,123.0,123.15,37783
2025-07-29 10:00:00,123.12,123.5799,123.12,123.35,13397
2025-07-29 10:05:00,123.57,123.74,123.22,123.22,13485
2025-07-29 10:10:00,123.225,123.55,123.16,123.405,9843
2025-07-29 10:15:00,123.4,123.605,123.26,123.605,9234
2025-07-29 10:20:00,123.605,123.605,123.35,123.445,11115
2025-07-29 10:25:00,123.389,123.73,123.29,123.725,7239
2025-07-29 10:30:00,123.5015,123.98,123.5015,123.615,14255
2025-07-29 10:35:00,123.61,123.87,123.41,123.8225,8295
2025-07-29 10:40:00,123.815,123.815,123.62,123.62,5309
2025-07-29 10:45:00,123.6,123.6,123.21,123.34,9563
2025-07-29 10:50:00,123.47,123.61,123.22,123.47,8070
2025-07-29 10:55:00,123.3,123.3,123.155,123.155,3463
2025-07-29 11:00:00,123.09,123.31,122.935,122.95,7504
2025-07-29 11:05:00,122.9,122.97,122.5711,122.84,6373
2025-07-29 11:10:00,122.91,123.05,122.84,122.88,3830
2025-07-29 11:15:00,122.96,123.085,122.91,123.085,5243
2025-07-29 11:20:00,122.92,123.09,122.7917,122.95,6728
2025-07-29 11:25:00,122.9,122.9,122.69,122.8154,4584
2025-07-29 11:30:00,122.7725,123.15,122.73,122.965,5575
2025-07-29 11:35:00,123.14,123.45,123.105,123.32,10553
2025-07-29 11:40:00,123.308,123.32,123.08,123.32,4021
2025-07-29 11:45:00,123.4,123.6,123.265,123.59,5884
2025-07-29 11:50:00,123.6,123.84,123.47,123.7,13641
2025-07-29 11:55:00,123.64,123.765,123.58,123.685,2911
2025-07-29 12:00:00,123.685,123.69,123.2435,123.415,6871
2025-07-29 12:05:00,123.48,123.58,123.48,123.505,4820
2025-07-29 12:10:00,123.467,123.53,123.42,123.44,3892
2025-07-29 12:15:00,123.51,123.51,123.31,123.33,3866
2025-07-29 12:20:00,123.33,123.33,123.15,123.295,5716
2025-07-29 12:25:00,123.28,123.36,123.2,123.275,6211
2025-07-29 12:30:00,123.35,123.35,123.12,123.125,5148
2025-07-29 12:35:00,123.06,123.135,122.96,122.96,4149
2025-07-29 12:40:00,122.97,123.0375,122.945,123.005,6127
2025-07-29 12:45:00,123.1,123.18,122.99,122.99,4566
2025-07-29 12:50:00,123.045,123.15,123.045,123.095,4404
2025-07-29 12:55:00,123.237,123.28,122.9775,123.26,4444
2025-07-29 13:00:00,123.16,123.53,123.155,123.45,4800
2025-07-29 13:05:00,123.445,123.83,123.445,123.56,14895
2025-07-29 13:10:00,123.49,123.65,123.49,123.65,3105
2025-07-29 13:15:00,123.76,123.77,123.69,123.69,2790
2025-07-29 13:20:00,123.645,123.645,123.49,123.49,1120
2025-07-29 13:25:00,123.635,123.72,123.39,123.47,14449
2025-07-29 13:30:00,123.605,123.73,123.58,123.66,2663
2025-07-29 13:35:00,123.61,123.61,123.33,123.335,5059
2025-07-29 13:40:00,123.335,123.335,123.0185,123.1,4152
2025-07-29 13:45:00,123.095,123.17,123.02,123.16,6462
2025-07-29 13:50:00,123.16,123.19,123.082,123.155,7189
2025-07-29 13:55:00,123.155,123.155,122.97,123.07,5793
2025-07-29 14:00:00,123.06,123.23,123.06,123.23,7880
2025-07-29 14:05:00,123.2505,123.31,123.07,123.135,6168
2025-07-29 14:10:00,123.0,123.019,122.8627,122.945,13001
2025-07-29 14:15:00,123.0,123.17,122.94,123.08,5340
2025-07-29 14:20:00,123.05,123.065,122.96,122.96,3281
2025-07-29 14:25:00,122.98,123.0484,122.91,122.96,5673
2025-07-29 14:30:00,122.99,123.11,122.985,123.105,4591
2025-07-29 14:35:00,123.12,123.2783,123.12,123.19,6340
2025-07-29 14:40:00,123.19,123.3299,123.16,123.25,9284
2025-07-29 14:45:00,123.33,123.33,123.245,123.32,3584
2025-07-29 14:50:00,123.3,123.44,123.29,123.44,8902
2025-07-29 14:55:00,123.3875,123.3875,123.26,123.32,12425
2025-07-29 15:00:00,123.31,123.39,123.23,123.23,18030
2025-07-29 15:05:00,123.23,123.3,123.18,123.19,16879
2025-07-29 15:10:00,123.19,123.33,123.16,123.31,30954
2025-07-29 15:15:00,123.3,123.3,122.93,123.05,10387
2025-07-29 15:20:00,122.93,123.27,122.91,123.145,18974
2025-07-29 15:25:00,123.11,123.25,123.06,123.065,22376
2025-07-29 15:30:00,123.1,123.16,123.03,123.05,17525
2025-07-29 15:35:00,123.03,123.19,123.02,123.13,18651
2025-07-29 15:40:00,123.11,123.31,123.03,123.1,27973
2025-07-29 15:45:00,123.115,123.13,123.0,123.04,39436
2025-07-29 15:50:00,123.0,123.14,122.87,123.01,56550
2025-07-29 15:55:00,122.98,123.07,122.87,122.92,159939
